
> Accounting-Tracker-Api@1.0.0 start
> tsx src/server.js

Server running at http://localhost:8000

> Accounting-Tracker-Api@1.0.0 start
> tsx src/server.js

Server running at http://localhost:8000

> Accounting-Tracker-Api@1.0.0 start
> tsx src/server.js

Server running at http://localhost:8000

> Accounting-Tracker-Api@1.0.0 start
> tsx src/server.js

Server running at http://localhost:8000

> Accounting-Tracker-Api@1.0.0 start
> tsx src/server.js

Server running at http://localhost:8000

> Accounting-Tracker-Api@1.0.0 start
> tsx src/server.js

Server running at http://localhost:8000

> Accounting-Tracker-Api@1.0.0 start
> tsx src/server.js

Server running at http://localhost:8000

> Accounting-Tracker-Api@1.0.0 start
> tsx src/server.js

Server running at http://localhost:8000

> Accounting-Tracker-Api@1.0.0 start
> tsx src/server.js

Server running at http://localhost:8000

> Accounting-Tracker-Api@1.0.0 start
> tsx src/server.js

Server running at http://localhost:8000

> Accounting-Tracker-Api@1.0.0 start
> tsx src/server.js

Server running at http://localhost:8000

> Accounting-Tracker-Api@1.0.0 start
> tsx src/server.js

Server running at http://localhost:8000

> Accounting-Tracker-Api@1.0.0 start
> tsx src/server.js

Server running at http://localhost:8000

> Accounting-Tracker-Api@1.0.0 start
> tsx src/server.js

Server running at http://localhost:8000

> Accounting-Tracker-Api@1.0.0 start
> tsx src/server.js

Server running at http://localhost:8000

> Accounting-Tracker-Api@1.0.0 start
> tsx src/server.js

Server running at http://localhost:8000

> Accounting-Tracker-Api@1.0.0 start
> tsx src/server.js

Server running at http://localhost:8000

> Accounting-Tracker-Api@1.0.0 start
> tsx src/server.js

Server running at http://localhost:8000

> Accounting-Tracker-Api@1.0.0 start
> tsx src/server.js

Server running at http://localhost:8000

> Accounting-Tracker-Api@1.0.0 start
> tsx src/server.js

Server running at http://localhost:8000

> Accounting-Tracker-Api@1.0.0 start
> tsx src/server.js

Server running at http://localhost:8000

> Accounting-Tracker-Api@1.0.0 start
> tsx src/server.js

Server running at http://localhost:8000

> Accounting-Tracker-Api@1.0.0 start
> tsx src/server.js

Server running at http://localhost:8000

> Accounting-Tracker-Api@1.0.0 start
> tsx src/server.js

Server running at http://localhost:8000

> Accounting-Tracker-Api@1.0.0 start
> tsx src/server.js

Server running at http://localhost:8000
[0mOPTIONS /api/auth/login [32m204[0m 0.707 ms - 0[0m
[0mPOST /api/auth/login [32m200[0m 167.828 ms - 354[0m
[0mOPTIONS /api/dashboard [32m204[0m 0.138 ms - 0[0m
[0mGET /api/dashboard [36m304[0m 40.400 ms - -[0m
[0mOPTIONS /api/users [32m204[0m 0.071 ms - 0[0m
[0mGET /api/users [36m304[0m 3.530 ms - -[0m
[0mOPTIONS /api/work [32m204[0m 0.078 ms - 0[0m
[0mGET /api/work [36m304[0m 6.547 ms - -[0m
[0mOPTIONS /api/annual-taxes?year=2026 [32m204[0m 0.096 ms - 0[0m
[0mGET /api/annual-taxes?year=2026 [36m304[0m 6.188 ms - -[0m
[0mOPTIONS /api/monthly-taxes?year=2026&month=07 [32m204[0m 0.139 ms - 0[0m
[0mGET /api/monthly-taxes?year=2026&month=07 [36m304[0m 4.472 ms - -[0m
[0mOPTIONS /api/customers [32m204[0m 0.111 ms - 0[0m
[0mGET /api/customers [36m304[0m 5.321 ms - -[0m
[0mOPTIONS /api/dashboard [32m204[0m 0.067 ms - 0[0m
[0mGET /api/dashboard [36m304[0m 6.753 ms - -[0m
[0mGET /api/customers [36m304[0m 4.834 ms - -[0m
[0mGET /api/monthly-taxes?year=2026&month=07 [36m304[0m 4.295 ms - -[0m
[0mOPTIONS /api/users [32m204[0m 0.080 ms - 0[0m
[0mGET /api/users [36m304[0m 2.624 ms - -[0m
[0mOPTIONS /api/reports [32m204[0m 0.091 ms - 0[0m
[0mGET /api/reports [32m200[0m 9.100 ms - 222[0m
[0mOPTIONS /api/users [32m204[0m 0.054 ms - 0[0m
[0mGET /api/users [36m304[0m 2.491 ms - -[0m
[0mOPTIONS /api/users [32m204[0m 0.069 ms - 0[0m
[0mPOST /api/users [32m201[0m 74.240 ms - 245[0m
[0mOPTIONS /api/customers [32m204[0m 0.065 ms - 0[0m
[0mGET /api/customers [36m304[0m 3.341 ms - -[0m
[0mOPTIONS /api/users [32m204[0m 0.041 ms - 0[0m
[0mGET /api/users [32m200[0m 2.882 ms - 429[0m
[0mOPTIONS /api/users [32m204[0m 0.051 ms - 0[0m
[0mGET /api/users [36m304[0m 1.965 ms - -[0m
[0mOPTIONS /api/customers [32m204[0m 0.041 ms - 0[0m
[0mGET /api/customers [36m304[0m 3.542 ms - -[0m
[0mOPTIONS /api/users [32m204[0m 0.057 ms - 0[0m
[0mGET /api/users [36m304[0m 2.224 ms - -[0m
[0mOPTIONS /api/monthly-taxes?year=2026&month=07 [32m204[0m 0.046 ms - 0[0m
[0mGET /api/monthly-taxes?year=2026&month=07 [36m304[0m 5.386 ms - -[0m
[0mOPTIONS /api/annual-taxes?year=2026 [32m204[0m 0.041 ms - 0[0m
[0mGET /api/annual-taxes?year=2026 [36m304[0m 3.889 ms - -[0m
[0mGET /api/monthly-taxes?year=2026&month=07 [36m304[0m 4.510 ms - -[0m
[0mOPTIONS /api/customers [32m204[0m 0.041 ms - 0[0m
[0mGET /api/customers [36m304[0m 2.716 ms - -[0m
[0mOPTIONS /api/users [32m204[0m 0.072 ms - 0[0m
[0mGET /api/users [36m304[0m 2.334 ms - -[0m
[0mOPTIONS /api/customers [32m204[0m 0.075 ms - 0[0m
[0mPOST /api/customers [32m201[0m 10.701 ms - 305[0m
[0mOPTIONS /api/customers/1/assignments [32m204[0m 0.032 ms - 0[0m
[0mPOST /api/customers/1/assignments [32m201[0m 15.782 ms - 278[0m
[0mGET /api/customers [32m200[0m 3.766 ms - 473[0m
[0mOPTIONS /api/monthly-taxes?year=2026&month=07 [32m204[0m 0.054 ms - 0[0m
[0mGET /api/monthly-taxes?year=2026&month=07 [32m200[0m 9.047 ms - 455[0m
[0mOPTIONS /api/annual-taxes?year=2026 [32m204[0m 0.047 ms - 0[0m
[0mGET /api/annual-taxes?year=2026 [32m200[0m 8.291 ms - 361[0m
[0mGET /api/monthly-taxes?year=2026&month=07 [36m304[0m 7.725 ms - -[0m
[0mOPTIONS /api/annual-taxes?year=2026 [32m204[0m 0.053 ms - 0[0m
[0mGET /api/annual-taxes?year=2026 [36m304[0m 7.386 ms - -[0m
[0mOPTIONS /api/monthly-taxes?year=2026&month=07 [32m204[0m 0.037 ms - 0[0m
[0mGET /api/monthly-taxes?year=2026&month=07 [36m304[0m 7.635 ms - -[0m
[0mOPTIONS /api/work [32m204[0m 0.056 ms - 0[0m
[0mGET /api/work [32m200[0m 8.112 ms - 392[0m
[0mOPTIONS /api/monthly-taxes?year=2026&month=07 [32m204[0m 0.049 ms - 0[0m
[0mGET /api/monthly-taxes?year=2026&month=07 [36m304[0m 8.708 ms - -[0m
[0mOPTIONS /api/annual-taxes?year=2026 [32m204[0m 0.048 ms - 0[0m
[0mGET /api/annual-taxes?year=2026 [36m304[0m 6.070 ms - -[0m
[0mOPTIONS /api/work [32m204[0m 0.038 ms - 0[0m
[0mGET /api/work [36m304[0m 4.615 ms - -[0m
[0mOPTIONS /api/users [32m204[0m 0.042 ms - 0[0m
[0mGET /api/users [36m304[0m 1.858 ms - -[0m
[0mOPTIONS /api/reports [32m204[0m 0.042 ms - 0[0m
[0mGET /api/reports [32m200[0m 6.996 ms - 394[0m
Terminate batch job (Y/N)? 
> Accounting-Tracker-Api@1.0.0 start
> tsx src/server.js

Server running at http://localhost:8000
[0mOPTIONS /api/dashboard [32m204[0m 0.773 ms - 0[0m
[0mGET /api/dashboard [32m200[0m 171.006 ms - 766[0m
[0mOPTIONS /api/customers [32m204[0m 0.136 ms - 0[0m
[0mGET /api/customers [36m304[0m 5.402 ms - -[0m
[0mOPTIONS /api/monthly-taxes?year=2026&month=07 [32m204[0m 0.059 ms - 0[0m
[0mGET /api/monthly-taxes?year=2026&month=07 [36m304[0m 17.568 ms - -[0m
[0mOPTIONS /api/annual-taxes?year=2026 [32m204[0m 0.100 ms - 0[0m
[0mGET /api/annual-taxes?year=2026 [36m304[0m 12.038 ms - -[0m
[0mOPTIONS /api/work [32m204[0m 0.081 ms - 0[0m
[0mGET /api/work [36m304[0m 8.362 ms - -[0m
[0mOPTIONS /api/users [32m204[0m 0.130 ms - 0[0m
[0mGET /api/users [36m304[0m 3.450 ms - -[0m
[0mOPTIONS /api/reports [32m204[0m 0.098 ms - 0[0m
[0mGET /api/reports [36m304[0m 60.917 ms - -[0m
[0mGET /api/work [36m304[0m 7.136 ms - -[0m
[0mGET /api/annual-taxes?year=2026 [36m304[0m 6.967 ms - -[0m
[0mOPTIONS /api/monthly-taxes?year=2026&month=07 [32m204[0m 0.063 ms - 0[0m
[0mGET /api/monthly-taxes?year=2026&month=07 [36m304[0m 9.597 ms - -[0m
[0mOPTIONS /api/customers [32m204[0m 0.074 ms - 0[0m
[0mGET /api/customers [36m304[0m 4.256 ms - -[0m
[0mOPTIONS /api/annual-taxes?year=2026 [32m204[0m 0.072 ms - 0[0m
[0mGET /api/annual-taxes?year=2026 [36m304[0m 6.040 ms - -[0m
[0mGET /api/monthly-taxes?year=2026&month=07 [36m304[0m 8.092 ms - -[0m
[0mOPTIONS /api/work [32m204[0m 0.056 ms - 0[0m
[0mGET /api/work [36m304[0m 11.096 ms - -[0m
[0mOPTIONS /api/dashboard [32m204[0m 0.048 ms - 0[0m
[0mGET /api/dashboard [36m304[0m 6.253 ms - -[0m
[0mOPTIONS /api/customers [32m204[0m 0.058 ms - 0[0m
[0mGET /api/customers [36m304[0m 3.962 ms - -[0m
[0mOPTIONS /api/dashboard [32m204[0m 0.046 ms - 0[0m
[0mGET /api/dashboard [36m304[0m 6.157 ms - -[0m
[0mOPTIONS /api/auth/login [32m204[0m 0.042 ms - 0[0m
Invalid email or password
[0mPOST /api/auth/login [33m401[0m 18.607 ms - 55[0m
[0mOPTIONS /api/auth/login [32m204[0m 0.066 ms - 0[0m
[0mPOST /api/auth/login [32m200[0m 64.742 ms - 354[0m
[0mOPTIONS /api/dashboard [32m204[0m 0.058 ms - 0[0m
[0mGET /api/dashboard [32m200[0m 8.975 ms - 766[0m
[0mOPTIONS /api/users [32m204[0m 0.050 ms - 0[0m
[0mGET /api/users [36m304[0m 2.455 ms - -[0m
Terminate batch job (Y/N)? 
> Accounting-Tracker-Api@1.0.0 start
> tsx src/server.js

Server running at http://localhost:8000
[0mOPTIONS /api/auth/login [32m204[0m 3.801 ms - 0[0m
Invalid email or password
[0mPOST /api/auth/login [33m401[0m 153.307 ms - 55[0m
[0mOPTIONS /api/auth/login [32m204[0m 0.140 ms - 0[0m
Invalid email or password
[0mPOST /api/auth/login [33m401[0m 2.511 ms - 55[0m
[0mOPTIONS /api/auth/login [32m204[0m 0.102 ms - 0[0m
Invalid email or password
[0mPOST /api/auth/login [33m401[0m 2.434 ms - 55[0m
[0mOPTIONS /api/auth/login [32m204[0m 0.107 ms - 0[0m
Invalid email or password
[0mPOST /api/auth/login [33m401[0m 2.742 ms - 55[0m
[0mOPTIONS /api/auth/login [32m204[0m 0.085 ms - 0[0m
Invalid email or password
[0mPOST /api/auth/login [33m401[0m 2.167 ms - 55[0m
[0mOPTIONS /api/auth/login [32m204[0m 0.107 ms - 0[0m
Invalid email or password
[0mPOST /api/auth/login [33m401[0m 1.789 ms - 55[0m
[0mOPTIONS /api/auth/login [32m204[0m 0.102 ms - 0[0m
Invalid email or password
[0mPOST /api/auth/login [33m401[0m 1.605 ms - 55[0m
[0mOPTIONS /api/auth/login [32m204[0m 0.065 ms - 0[0m
Invalid email or password
[0mPOST /api/auth/login [33m401[0m 1.384 ms - 55[0m
[0mOPTIONS /api/auth/login [32m204[0m 0.124 ms - 0[0m
Invalid email or password
[0mPOST /api/auth/login [33m401[0m 2.140 ms - 55[0m
[0mOPTIONS /api/auth/login [32m204[0m 0.114 ms - 0[0m
[0mPOST /api/auth/login [32m200[0m 67.248 ms - 354[0m
[0mOPTIONS /api/dashboard [32m204[0m 0.096 ms - 0[0m
[0mGET /api/dashboard [36m304[0m 58.931 ms - -[0m
[0mOPTIONS /api/auth/login [32m204[0m 0.051 ms - 0[0m
Invalid email or password
[0mPOST /api/auth/login [33m401[0m 1.498 ms - 55[0m
[0mOPTIONS /api/auth/login [32m204[0m 0.068 ms - 0[0m
[0mPOST /api/auth/login [32m200[0m 60.589 ms - 354[0m
[0mOPTIONS /api/dashboard [32m204[0m 0.084 ms - 0[0m
[0mGET /api/dashboard [32m200[0m 10.741 ms - 766[0m
[0mOPTIONS /api/work [32m204[0m 0.044 ms - 0[0m
[0mGET /api/work [32m200[0m 16.718 ms - 392[0m
[0mOPTIONS /api/users [32m204[0m 0.044 ms - 0[0m
[0mGET /api/users [32m200[0m 2.986 ms - 429[0m
[0mOPTIONS /api/users [32m204[0m 0.062 ms - 0[0m
[0mPOST /api/users [32m201[0m 70.593 ms - 241[0m
[0mOPTIONS /api/auth/login [32m204[0m 0.229 ms - 0[0m
[0mPOST /api/auth/login [32m200[0m 62.343 ms - 345[0m
[0mOPTIONS /api/dashboard [32m204[0m 0.102 ms - 0[0m
[0mGET /api/dashboard [32m200[0m 11.028 ms - 766[0m
[0mOPTIONS /api/customers [32m204[0m 0.156 ms - 0[0m
[0mGET /api/customers [32m200[0m 9.767 ms - 473[0m
[0mOPTIONS /api/monthly-taxes?year=2026&month=07 [32m204[0m 0.076 ms - 0[0m
[0mGET /api/monthly-taxes?year=2026&month=07 [32m200[0m 9.814 ms - 455[0m
[0mOPTIONS /api/users/2 [32m204[0m 0.213 ms - 0[0m
[0mPATCH /api/users/2 [32m200[0m 73.724 ms - 256[0m
[0mOPTIONS /api/users/2 [32m204[0m 0.056 ms - 0[0m
[0mPATCH /api/users/2 [32m200[0m 68.066 ms - 255[0m
[0mOPTIONS /api/auth/login [32m204[0m 0.076 ms - 0[0m
[0mPOST /api/auth/login [32m200[0m 61.077 ms - 366[0m
[0mOPTIONS /api/dashboard [32m204[0m 0.054 ms - 0[0m
[0mGET /api/dashboard [32m200[0m 10.725 ms - 985[0m
[0mOPTIONS /api/monthly-taxes?year=2026&month=07 [32m204[0m 0.051 ms - 0[0m
[0mGET /api/monthly-taxes?year=2026&month=07 [32m200[0m 7.492 ms - 462[0m
[0mOPTIONS /api/monthly-taxes/customer/1?year=2026&month=07 [32m204[0m 0.051 ms - 0[0m
[0mGET /api/monthly-taxes/customer/1?year=2026&month=07 [32m200[0m 9.499 ms - 1292[0m
[0mOPTIONS /api/annual-taxes?year=2026 [32m204[0m 0.047 ms - 0[0m
[0mGET /api/annual-taxes?year=2026 [32m200[0m 9.154 ms - 368[0m
[0mOPTIONS /api/work [32m204[0m 0.055 ms - 0[0m
[0mGET /api/work [32m200[0m 7.828 ms - 399[0m
[0mOPTIONS /api/customers [32m204[0m 0.040 ms - 0[0m
[0mGET /api/customers [32m200[0m 3.686 ms - 480[0m
[0mOPTIONS /api/customers/1 [32m204[0m 0.056 ms - 0[0m
[0mOPTIONS /api/customers/1/assignments [32m204[0m 0.035 ms - 0[0m
[0mGET /api/customers/1 [32m200[0m 3.742 ms - 302[0m
[0mGET /api/customers/1/assignments [32m200[0m 6.145 ms - 303[0m
[0mOPTIONS /api/users [32m204[0m 0.041 ms - 0[0m
[0mGET /api/users [32m200[0m 1.873 ms - 616[0m
[0mOPTIONS /api/customers/1 [32m204[0m 0.232 ms - 0[0m
[0mPATCH /api/customers/1 [32m200[0m 14.546 ms - 344[0m
[0mOPTIONS /api/customers/1/assignments [32m204[0m 0.083 ms - 0[0m
[0mPOST /api/customers/1/assignments [32m201[0m 10.633 ms - 288[0m
[0mOPTIONS /api/customers/1/contacts [32m204[0m 0.035 ms - 0[0m
[0mOPTIONS /api/customers/1/activity-logs [32m204[0m 0.024 ms - 0[0m
[0mOPTIONS /api/customers/1/documents [32m204[0m 0.029 ms - 0[0m
[0mGET /api/customers/1 [32m200[0m 6.732 ms - 341[0m
[0mGET /api/customers/1/activity-logs [32m200[0m 7.015 ms - 1020[0m
[0mGET /api/customers/1/assignments [32m200[0m 10.245 ms - 303[0m
[0mGET /api/customers/1/documents [32m200[0m 14.773 ms - 74[0m
[0mGET /api/customers/1/contacts [32m200[0m 17.064 ms - 72[0m
[0mOPTIONS /api/customers [32m204[0m 0.060 ms - 0[0m
[0mGET /api/customers [32m200[0m 3.673 ms - 519[0m
[0mOPTIONS /api/work [32m204[0m 0.041 ms - 0[0m
[0mGET /api/work [32m200[0m 7.485 ms - 454[0m
[0mOPTIONS /api/annual-taxes?year=2026 [32m204[0m 0.040 ms - 0[0m
[0mGET /api/annual-taxes?year=2026 [32m200[0m 8.191 ms - 430[0m
[0mOPTIONS /api/monthly-taxes?year=2026&month=07 [32m204[0m 0.063 ms - 0[0m
[0mGET /api/monthly-taxes?year=2026&month=07 [32m200[0m 6.192 ms - 524[0m
[0mOPTIONS /api/reports [32m204[0m 0.045 ms - 0[0m
[0mGET /api/reports [32m200[0m 8.665 ms - 511[0m
[0mOPTIONS /api/dashboard [32m204[0m 0.057 ms - 0[0m
[0mGET /api/dashboard [32m200[0m 7.130 ms - 1480[0m
[0mOPTIONS /api/reports [32m204[0m 0.071 ms - 0[0m
[0mGET /api/reports [36m304[0m 6.755 ms - -[0m
[0mOPTIONS /api/work [32m204[0m 0.063 ms - 0[0m
[0mGET /api/work [36m304[0m 7.583 ms - -[0m
[0mOPTIONS /api/dashboard [32m204[0m 0.134 ms - 0[0m
[0mGET /api/dashboard [36m304[0m 8.259 ms - -[0m
[0mOPTIONS /api/customers [32m204[0m 0.042 ms - 0[0m
[0mGET /api/customers [36m304[0m 3.114 ms - -[0m
[0mOPTIONS /api/auth/login [32m204[0m 0.049 ms - 0[0m
[0mPOST /api/auth/login [32m200[0m 60.872 ms - 366[0m
[0mOPTIONS /api/dashboard [32m204[0m 0.141 ms - 0[0m
[0mGET /api/dashboard [36m304[0m 8.322 ms - -[0m
[0mOPTIONS /api/customers [32m204[0m 0.092 ms - 0[0m
[0mGET /api/customers [36m304[0m 3.442 ms - -[0m
[0mOPTIONS /api/work [32m204[0m 0.052 ms - 0[0m
[0mGET /api/work [36m304[0m 8.352 ms - -[0m
[0mOPTIONS /api/annual-taxes?year=2026 [32m204[0m 0.049 ms - 0[0m
[0mGET /api/annual-taxes?year=2026 [36m304[0m 7.662 ms - -[0m
[0mOPTIONS /api/dashboard [32m204[0m 0.056 ms - 0[0m
[0mGET /api/dashboard [36m304[0m 7.180 ms - -[0m
[0mOPTIONS /api/customers [32m204[0m 0.045 ms - 0[0m
[0mGET /api/customers [36m304[0m 3.445 ms - -[0m
[0mOPTIONS /api/monthly-taxes?year=2026&month=07 [32m204[0m 0.042 ms - 0[0m
[0mGET /api/monthly-taxes?year=2026&month=07 [36m304[0m 5.710 ms - -[0m
[0mOPTIONS /api/dashboard [32m204[0m 0.064 ms - 0[0m
[0mGET /api/dashboard [36m304[0m 6.068 ms - -[0m
[0mOPTIONS /api/reports [32m204[0m 0.043 ms - 0[0m
[0mGET /api/reports [36m304[0m 4.872 ms - -[0m
[0mOPTIONS /api/dashboard [32m204[0m 0.057 ms - 0[0m
[0mGET /api/dashboard [36m304[0m 6.543 ms - -[0m
[0mOPTIONS /api/monthly-taxes?year=2026&month=07 [32m204[0m 0.114 ms - 0[0m
[0mGET /api/monthly-taxes?year=2026&month=07 [36m304[0m 7.335 ms - -[0m
[0mOPTIONS /api/monthly-taxes/customer/1?year=2026&month=07 [32m204[0m 0.043 ms - 0[0m
[0mGET /api/monthly-taxes/customer/1?year=2026&month=07 [32m200[0m 6.871 ms - 1354[0m
[0mOPTIONS /api/monthly-taxes?year=2026&month=07 [32m204[0m 0.090 ms - 0[0m
[0mGET /api/monthly-taxes?year=2026&month=07 [36m304[0m 11.288 ms - -[0m
[0mOPTIONS /api/work [32m204[0m 0.087 ms - 0[0m
[0mGET /api/work [36m304[0m 8.355 ms - -[0m
[0mOPTIONS /api/auth/login [32m204[0m 0.085 ms - 0[0m
[0mPOST /api/auth/login [32m200[0m 61.144 ms - 354[0m
[0mOPTIONS /api/dashboard [32m204[0m 0.245 ms - 0[0m
[0mGET /api/dashboard [32m200[0m 9.723 ms - 1096[0m
[0mOPTIONS /api/customers [32m204[0m 0.059 ms - 0[0m
[0mGET /api/customers [36m304[0m 3.076 ms - -[0m
[0mOPTIONS /api/annual-taxes?year=2026 [32m204[0m 0.041 ms - 0[0m
[0mGET /api/annual-taxes?year=2026 [36m304[0m 6.172 ms - -[0m
[0mOPTIONS /api/users [32m204[0m 0.096 ms - 0[0m
[0mGET /api/users [36m304[0m 2.611 ms - -[0m
[0mOPTIONS /api/users [32m204[0m 0.064 ms - 0[0m
[0mPOST /api/users [32m201[0m 64.999 ms - 240[0m
[0mOPTIONS /api/customers [32m204[0m 0.059 ms - 0[0m
[0mGET /api/customers [36m304[0m 3.485 ms - -[0m
[0mOPTIONS /api/auth/login [32m204[0m 0.065 ms - 0[0m
[0mPOST /api/auth/login [32m200[0m 61.133 ms - 366[0m
[0mOPTIONS /api/dashboard [32m204[0m 0.055 ms - 0[0m
[0mGET /api/dashboard [32m200[0m 8.342 ms - 1480[0m
[0mOPTIONS /api/customers [32m204[0m 0.045 ms - 0[0m
[0mGET /api/customers [36m304[0m 2.598 ms - -[0m
[0mOPTIONS /api/users [32m204[0m 0.068 ms - 0[0m
[0mGET /api/users [32m200[0m 2.506 ms - 792[0m
[0mOPTIONS /api/customers [32m204[0m 0.079 ms - 0[0m
[0mGET /api/customers [36m304[0m 2.660 ms - -[0m
[0mOPTIONS /api/customers/1 [32m204[0m 0.048 ms - 0[0m
[0mOPTIONS /api/customers/1/assignments [32m204[0m 0.066 ms - 0[0m
[0mGET /api/customers/1 [36m304[0m 2.979 ms - -[0m
[0mGET /api/customers/1/assignments [36m304[0m 3.800 ms - -[0m
[0mGET /api/users [36m304[0m 1.654 ms - -[0m
[0mOPTIONS /api/customers [32m204[0m 0.047 ms - 0[0m
[0mGET /api/customers [36m304[0m 3.747 ms - -[0m
[0mOPTIONS /api/users [32m204[0m 0.113 ms - 0[0m
[0mGET /api/users [36m304[0m 2.332 ms - -[0m
[0mOPTIONS /api/customers [32m204[0m 0.089 ms - 0[0m
[0mPOST /api/customers [32m201[0m 11.142 ms - 359[0m
[0mGET /api/customers [32m200[0m 3.134 ms - 823[0m
[0mOPTIONS /api/users [32m204[0m 0.056 ms - 0[0m
[0mGET /api/users [36m304[0m 2.252 ms - -[0m
[0mOPTIONS /api/customers [32m204[0m 0.063 ms - 0[0m
[0mPOST /api/customers [32m201[0m 6.517 ms - 379[0m
[0mGET /api/customers [32m200[0m 4.316 ms - 1147[0m
[0mOPTIONS /api/users [32m204[0m 0.054 ms - 0[0m
[0mGET /api/users [36m304[0m 2.857 ms - -[0m
[0mOPTIONS /api/customers [32m204[0m 0.065 ms - 0[0m
[0mPOST /api/customers [32m201[0m 6.771 ms - 368[0m
[0mGET /api/customers [32m200[0m 2.965 ms - 1460[0m
[0mOPTIONS /api/users [32m204[0m 0.065 ms - 0[0m
[0mGET /api/users [36m304[0m 2.329 ms - -[0m
[0mOPTIONS /api/customers [32m204[0m 0.066 ms - 0[0m
[0mPOST /api/customers [32m201[0m 6.874 ms - 378[0m
[0mGET /api/customers [32m200[0m 2.995 ms - 1783[0m
[0mOPTIONS /api/users [32m204[0m 0.045 ms - 0[0m
[0mGET /api/users [36m304[0m 2.028 ms - -[0m
[0mOPTIONS /api/customers [32m204[0m 0.059 ms - 0[0m
[0mPOST /api/customers [32m201[0m 5.932 ms - 376[0m
[0mGET /api/customers [32m200[0m 2.974 ms - 2104[0m
[0mOPTIONS /api/users [32m204[0m 0.053 ms - 0[0m
[0mGET /api/users [36m304[0m 2.223 ms - -[0m
[0mOPTIONS /api/customers [32m204[0m 0.081 ms - 0[0m
[0mPOST /api/customers [32m201[0m 6.390 ms - 352[0m
[0mGET /api/customers [32m200[0m 5.584 ms - 2401[0m
[0mOPTIONS /api/users [32m204[0m 0.054 ms - 0[0m
[0mGET /api/users [36m304[0m 2.246 ms - -[0m
[0mOPTIONS /api/customers [32m204[0m 0.067 ms - 0[0m
[0mPOST /api/customers [32m201[0m 6.794 ms - 375[0m
[0mGET /api/customers [32m200[0m 3.136 ms - 2721[0m
[0mOPTIONS /api/users [32m204[0m 0.052 ms - 0[0m
[0mGET /api/users [36m304[0m 2.433 ms - -[0m
[0mOPTIONS /api/customers [32m204[0m 0.074 ms - 0[0m
[0mPOST /api/customers [32m201[0m 6.994 ms - 401[0m
[0mGET /api/customers [32m200[0m 3.295 ms - 3067[0m
[0mOPTIONS /api/users [32m204[0m 0.052 ms - 0[0m
[0mGET /api/users [36m304[0m 2.599 ms - -[0m
[0mOPTIONS /api/customers [32m204[0m 0.089 ms - 0[0m
[0mPOST /api/customers [32m201[0m 7.813 ms - 360[0m
[0mGET /api/customers [32m200[0m 3.463 ms - 3372[0m
[0mOPTIONS /api/users [32m204[0m 0.043 ms - 0[0m
[0mGET /api/users [36m304[0m 2.483 ms - -[0m
[0mOPTIONS /api/customers [32m204[0m 0.101 ms - 0[0m
[0mPOST /api/customers [32m201[0m 5.876 ms - 377[0m
[0mGET /api/customers [32m200[0m 3.234 ms - 3694[0m
[0mOPTIONS /api/users [32m204[0m 0.088 ms - 0[0m
[0mGET /api/users [36m304[0m 3.208 ms - -[0m
[0mOPTIONS /api/customers [32m204[0m 0.093 ms - 0[0m
[0mPOST /api/customers [32m201[0m 6.991 ms - 361[0m
[0mGET /api/customers [32m200[0m 3.158 ms - 4000[0m
[0mOPTIONS /api/monthly-taxes?year=2026&month=07 [32m204[0m 0.057 ms - 0[0m
[0mGET /api/monthly-taxes?year=2026&month=07 [32m200[0m 18.304 ms - 4984[0m
[0mOPTIONS /api/dashboard [32m204[0m 0.046 ms - 0[0m
[0mGET /api/dashboard [32m200[0m 8.331 ms - 2308[0m
[0mOPTIONS /api/customers [32m204[0m 0.047 ms - 0[0m
[0mGET /api/customers [36m304[0m 3.314 ms - -[0m
[0mOPTIONS /api/users [32m204[0m 0.054 ms - 0[0m
[0mGET /api/users [36m304[0m 2.254 ms - -[0m
[0mOPTIONS /api/customers [32m204[0m 0.061 ms - 0[0m
[0mPOST /api/customers [32m201[0m 7.611 ms - 406[0m
[0mGET /api/customers [32m200[0m 3.313 ms - 4351[0m
[0mOPTIONS /api/users [32m204[0m 0.041 ms - 0[0m
[0mGET /api/users [36m304[0m 2.334 ms - -[0m
[0mOPTIONS /api/customers [32m204[0m 0.055 ms - 0[0m
[0mPOST /api/customers [32m201[0m 6.685 ms - 383[0m
[0mGET /api/customers [32m200[0m 4.120 ms - 4679[0m
[0mOPTIONS /api/users [32m204[0m 0.043 ms - 0[0m
[0mGET /api/users [36m304[0m 2.419 ms - -[0m
[0mOPTIONS /api/customers [32m204[0m 0.052 ms - 0[0m
[0mPOST /api/customers [32m201[0m 7.502 ms - 433[0m
[0mGET /api/customers [32m200[0m 2.901 ms - 5057[0m
[0mOPTIONS /api/users [32m204[0m 0.039 ms - 0[0m
[0mGET /api/users [36m304[0m 1.881 ms - -[0m
[0mOPTIONS /api/customers [32m204[0m 0.061 ms - 0[0m
[0mPOST /api/customers [32m201[0m 7.378 ms - 364[0m
[0mGET /api/customers [32m200[0m 4.019 ms - 5366[0m
[0mOPTIONS /api/users [32m204[0m 0.043 ms - 0[0m
[0mGET /api/users [36m304[0m 2.175 ms - -[0m
[0mOPTIONS /api/customers [32m204[0m 0.055 ms - 0[0m
[0mPOST /api/customers [32m201[0m 5.957 ms - 361[0m
[0mGET /api/customers [32m200[0m 3.193 ms - 5672[0m
[0mOPTIONS /api/users [32m204[0m 0.186 ms - 0[0m
[0mGET /api/users [36m304[0m 2.952 ms - -[0m
[0mOPTIONS /api/customers [32m204[0m 0.042 ms - 0[0m
[0mPOST /api/customers [32m201[0m 6.153 ms - 414[0m
[0mGET /api/customers [32m200[0m 5.142 ms - 6031[0m
[0mOPTIONS /api/users [32m204[0m 0.057 ms - 0[0m
[0mGET /api/users [36m304[0m 2.262 ms - -[0m
[0mOPTIONS /api/customers [32m204[0m 0.068 ms - 0[0m
[0mPOST /api/customers [32m201[0m 7.437 ms - 356[0m
[0mGET /api/customers [32m200[0m 3.686 ms - 6332[0m
[0mOPTIONS /api/users [32m204[0m 0.079 ms - 0[0m
[0mGET /api/users [36m304[0m 2.537 ms - -[0m
[0mOPTIONS /api/customers [32m204[0m 0.076 ms - 0[0m
[0mPOST /api/customers [32m201[0m 8.161 ms - 427[0m
[0mGET /api/customers [32m200[0m 3.444 ms - 6704[0m
[0mOPTIONS /api/users [32m204[0m 0.062 ms - 0[0m
[0mGET /api/users [36m304[0m 2.614 ms - -[0m
[0mOPTIONS /api/customers [32m204[0m 0.136 ms - 0[0m
[0mPOST /api/customers [32m201[0m 7.115 ms - 386[0m
[0mGET /api/customers [32m200[0m 4.283 ms - 7035[0m
[0mOPTIONS /api/users [32m204[0m 0.047 ms - 0[0m
[0mGET /api/users [36m304[0m 2.078 ms - -[0m
[0mOPTIONS /api/customers [32m204[0m 0.044 ms - 0[0m
[0mPOST /api/customers [32m201[0m 7.037 ms - 336[0m
[0mGET /api/customers [32m200[0m 3.769 ms - 7316[0m
[0mOPTIONS /api/users [32m204[0m 0.038 ms - 0[0m
[0mGET /api/users [36m304[0m 2.821 ms - -[0m
[0mOPTIONS /api/customers [32m204[0m 0.049 ms - 0[0m
[0mPOST /api/customers [32m201[0m 6.968 ms - 367[0m
[0mGET /api/customers [32m200[0m 3.513 ms - 7628[0m
[0mOPTIONS /api/users [32m204[0m 0.050 ms - 0[0m
[0mGET /api/users [36m304[0m 2.551 ms - -[0m
[0mOPTIONS /api/customers [32m204[0m 0.046 ms - 0[0m
[0mPOST /api/customers [32m201[0m 5.981 ms - 371[0m
[0mGET /api/customers [32m200[0m 4.373 ms - 7944[0m
[0mOPTIONS /api/users [32m204[0m 0.039 ms - 0[0m
[0mGET /api/users [36m304[0m 1.827 ms - -[0m
[0mOPTIONS /api/customers [32m204[0m 0.056 ms - 0[0m
[0mPOST /api/customers [32m201[0m 5.659 ms - 382[0m
[0mGET /api/customers [32m200[0m 3.535 ms - 8271[0m
[0mOPTIONS /api/users [32m204[0m 0.037 ms - 0[0m
[0mGET /api/users [36m304[0m 2.376 ms - -[0m
[0mOPTIONS /api/customers [32m204[0m 0.047 ms - 0[0m
[0mPOST /api/customers [32m201[0m 5.954 ms - 451[0m
[0mGET /api/customers [32m200[0m 3.359 ms - 8667[0m
[0mOPTIONS /api/users [32m204[0m 0.041 ms - 0[0m
[0mGET /api/users [36m304[0m 2.306 ms - -[0m
[0mOPTIONS /api/customers [32m204[0m 0.048 ms - 0[0m
[0mPOST /api/customers [32m201[0m 5.715 ms - 389[0m
[0mGET /api/customers [32m200[0m 3.548 ms - 9001[0m
[0mOPTIONS /api/users [32m204[0m 0.134 ms - 0[0m
[0mGET /api/users [36m304[0m 2.415 ms - -[0m
[0mOPTIONS /api/customers [32m204[0m 0.069 ms - 0[0m
[0mPOST /api/customers [32m201[0m 7.939 ms - 401[0m
[0mGET /api/customers [32m200[0m 3.578 ms - 9347[0m
[0mOPTIONS /api/users [32m204[0m 0.063 ms - 0[0m
[0mGET /api/users [36m304[0m 3.427 ms - -[0m
[0mOPTIONS /api/customers [32m204[0m 0.065 ms - 0[0m
[0mPOST /api/customers [32m201[0m 5.939 ms - 349[0m
[0mGET /api/customers [32m200[0m 3.438 ms - 9641[0m
[0mOPTIONS /api/users [32m204[0m 0.049 ms - 0[0m
[0mGET /api/users [36m304[0m 2.191 ms - -[0m
[0mOPTIONS /api/customers [32m204[0m 0.064 ms - 0[0m
[0mPOST /api/customers [32m201[0m 6.045 ms - 398[0m
[0mGET /api/customers [32m200[0m 3.664 ms - 9984[0m
[0mOPTIONS /api/users [32m204[0m 0.042 ms - 0[0m
[0mGET /api/users [36m304[0m 1.808 ms - -[0m
[0mOPTIONS /api/customers [32m204[0m 0.058 ms - 0[0m
[0mPOST /api/customers [32m201[0m 5.940 ms - 395[0m
[0mGET /api/customers [32m200[0m 3.317 ms - 10324[0m
[0mOPTIONS /api/users [32m204[0m 0.036 ms - 0[0m
[0mGET /api/users [36m304[0m 1.737 ms - -[0m
[0mOPTIONS /api/customers [32m204[0m 0.070 ms - 0[0m
[0mPOST /api/customers [32m201[0m 7.178 ms - 361[0m
[0mGET /api/customers [32m200[0m 3.359 ms - 10630[0m
[0mOPTIONS /api/users [32m204[0m 0.051 ms - 0[0m
[0mGET /api/users [36m304[0m 3.673 ms - -[0m
[0mOPTIONS /api/customers [32m204[0m 0.051 ms - 0[0m
[0mPOST /api/customers [32m201[0m 11.355 ms - 391[0m
[0mGET /api/customers [32m200[0m 4.661 ms - 10966[0m
[0mOPTIONS /api/users [32m204[0m 0.084 ms - 0[0m
[0mGET /api/users [36m304[0m 2.099 ms - -[0m
[0mOPTIONS /api/customers [32m204[0m 0.075 ms - 0[0m
[0mPOST /api/customers [32m201[0m 7.525 ms - 357[0m
[0mGET /api/customers [32m200[0m 4.533 ms - 11268[0m
[0mOPTIONS /api/users [32m204[0m 0.041 ms - 0[0m
[0mGET /api/users [36m304[0m 1.707 ms - -[0m
[0mOPTIONS /api/customers [32m204[0m 0.060 ms - 0[0m
[0mPOST /api/customers [32m201[0m 6.921 ms - 351[0m
[0mGET /api/customers [32m200[0m 3.143 ms - 11564[0m
[0mOPTIONS /api/users [32m204[0m 0.038 ms - 0[0m
[0mGET /api/users [36m304[0m 3.959 ms - -[0m
[0mOPTIONS /api/customers [32m204[0m 0.056 ms - 0[0m
[0mPOST /api/customers [32m201[0m 7.871 ms - 406[0m
[0mGET /api/customers [32m200[0m 3.417 ms - 11915[0m
[0mOPTIONS /api/users [32m204[0m 0.103 ms - 0[0m
[0mGET /api/users [36m304[0m 2.362 ms - -[0m
[0mOPTIONS /api/customers [32m204[0m 0.042 ms - 0[0m
[0mPOST /api/customers [32m201[0m 6.605 ms - 401[0m
[0mGET /api/customers [32m200[0m 3.292 ms - 12261[0m
[0mOPTIONS /api/users [32m204[0m 0.039 ms - 0[0m
[0mGET /api/users [36m304[0m 1.571 ms - -[0m
[0mOPTIONS /api/customers [32m204[0m 0.060 ms - 0[0m
[0mPOST /api/customers [32m201[0m 5.994 ms - 357[0m
[0mGET /api/customers [32m200[0m 3.361 ms - 12563[0m
[0mOPTIONS /api/users [32m204[0m 0.036 ms - 0[0m
[0mGET /api/users [36m304[0m 1.785 ms - -[0m
[0mOPTIONS /api/customers [32m204[0m 0.064 ms - 0[0m
[0mPOST /api/customers [32m201[0m 6.382 ms - 379[0m
[0mGET /api/customers [32m200[0m 3.372 ms - 12887[0m
[0mOPTIONS /api/users [32m204[0m 0.119 ms - 0[0m
[0mGET /api/users [36m304[0m 4.002 ms - -[0m
[0mOPTIONS /api/customers [32m204[0m 0.055 ms - 0[0m
[0mPOST /api/customers [32m201[0m 5.862 ms - 358[0m
[0mGET /api/customers [32m200[0m 3.220 ms - 13190[0m
[0mOPTIONS /api/users [32m204[0m 0.039 ms - 0[0m
[0mGET /api/users [36m304[0m 1.564 ms - -[0m
[0mOPTIONS /api/customers [32m204[0m 0.044 ms - 0[0m
[0mPOST /api/customers [32m201[0m 5.689 ms - 381[0m
[0mGET /api/customers [32m200[0m 3.553 ms - 13516[0m
[0mOPTIONS /api/users [32m204[0m 0.036 ms - 0[0m
[0mGET /api/users [36m304[0m 1.713 ms - -[0m
[0mOPTIONS /api/customers [32m204[0m 0.045 ms - 0[0m
[0mPOST /api/customers [32m201[0m 6.068 ms - 373[0m
[0mGET /api/customers [32m200[0m 3.226 ms - 13834[0m
[0mOPTIONS /api/customers/1 [32m204[0m 0.057 ms - 0[0m
[0mOPTIONS /api/customers/1/assignments [32m204[0m 0.030 ms - 0[0m
[0mGET /api/customers/1 [36m304[0m 2.776 ms - -[0m
[0mGET /api/customers/1/assignments [36m304[0m 3.415 ms - -[0m
[0mOPTIONS /api/users [32m204[0m 0.029 ms - 0[0m
[0mGET /api/users [36m304[0m 1.368 ms - -[0m
[0mOPTIONS /api/customers/1 [32m204[0m 0.077 ms - 0[0m
[0mPATCH /api/customers/1 [32m200[0m 10.722 ms - 462[0m
[0mOPTIONS /api/customers/1/assignments [32m204[0m 0.028 ms - 0[0m
[0mPOST /api/customers/1/assignments [32m201[0m 5.879 ms - 288[0m
[0mOPTIONS /api/customers/1/contacts [32m204[0m 0.037 ms - 0[0m
[0mOPTIONS /api/customers/1/activity-logs [32m204[0m 0.026 ms - 0[0m
[0mOPTIONS /api/customers/1/documents [32m204[0m 0.023 ms - 0[0m
[0mGET /api/customers/1 [32m200[0m 4.932 ms - 459[0m
[0mGET /api/customers/1/contacts [36m304[0m 5.748 ms - -[0m
[0mGET /api/customers/1/documents [36m304[0m 4.592 ms - -[0m
[0mGET /api/customers/1/activity-logs [32m200[0m 5.354 ms - 1532[0m
[0mGET /api/customers/1/assignments [32m200[0m 8.226 ms - 303[0m
[0mOPTIONS /api/customers [32m204[0m 0.051 ms - 0[0m
[0mGET /api/customers [32m200[0m 4.104 ms - 13952[0m
[0mOPTIONS /api/customers/2 [32m204[0m 0.054 ms - 0[0m
[0mOPTIONS /api/customers/2/assignments [32m204[0m 0.047 ms - 0[0m
[0mGET /api/customers/2 [32m200[0m 3.277 ms - 356[0m
[0mGET /api/customers/2/assignments [32m200[0m 3.922 ms - 87[0m
[0mOPTIONS /api/users [32m204[0m 0.034 ms - 0[0m
[0mGET /api/users [36m304[0m 1.987 ms - -[0m
[0mOPTIONS /api/customers/2 [32m204[0m 0.038 ms - 0[0m
[0mPATCH /api/customers/2 [32m200[0m 7.485 ms - 623[0m
[0mOPTIONS /api/customers/2/assignments [32m204[0m 0.036 ms - 0[0m
[0mOPTIONS /api/customers/2/contacts [32m204[0m 0.024 ms - 0[0m
[0mOPTIONS /api/customers/2/activity-logs [32m204[0m 0.023 ms - 0[0m
[0mOPTIONS /api/customers/2/documents [32m204[0m 0.017 ms - 0[0m
[0mGET /api/customers/2 [32m200[0m 5.145 ms - 620[0m
[0mGET /api/customers/2/contacts [32m200[0m 5.070 ms - 72[0m
[0mGET /api/customers/2/activity-logs [32m200[0m 4.112 ms - 649[0m
[0mGET /api/customers/2/documents [32m200[0m 3.878 ms - 74[0m
[0mGET /api/customers/2/assignments [36m304[0m 6.849 ms - -[0m
[0mOPTIONS /api/customers [32m204[0m 0.052 ms - 0[0m
[0mGET /api/customers [32m200[0m 4.720 ms - 14216[0m
[0mOPTIONS /api/customers/1 [32m204[0m 0.101 ms - 0[0m
[0mOPTIONS /api/customers/1/assignments [32m204[0m 0.118 ms - 0[0m
[0mGET /api/customers/1 [36m304[0m 2.911 ms - -[0m
[0mGET /api/customers/1/assignments [36m304[0m 3.586 ms - -[0m
[0mOPTIONS /api/users [32m204[0m 0.031 ms - 0[0m
[0mGET /api/users [36m304[0m 1.820 ms - -[0m
[0mOPTIONS /api/customers [32m204[0m 0.035 ms - 0[0m
[0mGET /api/customers [36m304[0m 4.384 ms - -[0m
[0mOPTIONS /api/customers/3 [32m204[0m 0.052 ms - 0[0m
[0mOPTIONS /api/customers/3/assignments [32m204[0m 0.043 ms - 0[0m
[0mGET /api/customers/3 [32m200[0m 2.853 ms - 376[0m
[0mGET /api/customers/3/assignments [32m200[0m 3.430 ms - 87[0m
[0mOPTIONS /api/users [32m204[0m 0.036 ms - 0[0m
[0mGET /api/users [36m304[0m 1.779 ms - -[0m
[0mOPTIONS /api/customers/3 [32m204[0m 0.053 ms - 0[0m
[0mPATCH /api/customers/3 [32m200[0m 8.404 ms - 626[0m
[0mOPTIONS /api/customers/3/assignments [32m204[0m 0.034 ms - 0[0m
[0mOPTIONS /api/customers/3/activity-logs [32m204[0m 0.024 ms - 0[0m
[0mOPTIONS /api/customers/3/contacts [32m204[0m 0.024 ms - 0[0m
[0mOPTIONS /api/customers/3/documents [32m204[0m 0.030 ms - 0[0m
[0mGET /api/customers/3 [32m200[0m 4.798 ms - 623[0m
[0mGET /api/customers/3/contacts [32m200[0m 4.419 ms - 72[0m
[0mGET /api/customers/3/activity-logs [32m200[0m 5.124 ms - 689[0m
[0mGET /api/customers/3/documents [32m200[0m 4.465 ms - 74[0m
[0mGET /api/customers/3/assignments [36m304[0m 7.028 ms - -[0m
[0mOPTIONS /api/customers [32m204[0m 0.034 ms - 0[0m
[0mGET /api/customers [32m200[0m 3.244 ms - 14463[0m
[0mOPTIONS /api/customers/4 [32m204[0m 0.099 ms - 0[0m
[0mOPTIONS /api/customers/4/assignments [32m204[0m 0.025 ms - 0[0m
[0mGET /api/customers/4 [32m200[0m 3.081 ms - 365[0m
[0mGET /api/customers/4/assignments [32m200[0m 3.588 ms - 87[0m
[0mOPTIONS /api/users [32m204[0m 0.032 ms - 0[0m
[0mGET /api/users [36m304[0m 1.848 ms - -[0m
[0mOPTIONS /api/customers/4 [32m204[0m 0.047 ms - 0[0m
[0mPATCH /api/customers/4 [33m400[0m 1.973 ms - 113[0m
[0mOPTIONS /api/customers/4 [32m204[0m 0.067 ms - 0[0m
[0mPATCH /api/customers/4 [32m200[0m 9.870 ms - 521[0m
[0mOPTIONS /api/customers/4/assignments [32m204[0m 0.045 ms - 0[0m
[0mOPTIONS /api/customers/4/contacts [32m204[0m 0.036 ms - 0[0m
[0mOPTIONS /api/customers/4/activity-logs [32m204[0m 0.025 ms - 0[0m
[0mOPTIONS /api/customers/4/documents [32m204[0m 0.020 ms - 0[0m
[0mGET /api/customers/4 [32m200[0m 4.026 ms - 518[0m
[0mGET /api/customers/4/contacts [32m200[0m 5.067 ms - 72[0m
[0mGET /api/customers/4/documents [32m200[0m 4.244 ms - 74[0m
[0mGET /api/customers/4/activity-logs [32m200[0m 4.886 ms - 667[0m
[0mGET /api/customers/4/assignments [36m304[0m 5.709 ms - -[0m
[0mOPTIONS /api/monthly-taxes?year=2026&month=07 [32m204[0m 0.045 ms - 0[0m
[0mGET /api/monthly-taxes?year=2026&month=07 [32m200[0m 39.999 ms - 17488[0m
[0mOPTIONS /api/dashboard [32m204[0m 0.037 ms - 0[0m
[0mGET /api/dashboard [32m200[0m 6.975 ms - 2175[0m
[0mOPTIONS /api/annual-taxes?year=2026 [32m204[0m 0.044 ms - 0[0m
[0mGET /api/annual-taxes?year=2026 [32m200[0m 20.993 ms - 13991[0m
[0mOPTIONS /api/work [32m204[0m 0.035 ms - 0[0m
[0mGET /api/work [32m200[0m 11.637 ms - 15655[0m
[0mOPTIONS /api/reports [32m204[0m 0.082 ms - 0[0m
[0mGET /api/reports [32m200[0m 10.831 ms - 12854[0m
[0mOPTIONS /api/customers [32m204[0m 0.036 ms - 0[0m
[0mGET /api/customers [32m200[0m 3.763 ms - 14616[0m
[0mOPTIONS /api/dashboard [32m204[0m 0.077 ms - 0[0m
[0mGET /api/dashboard [32m200[0m 6.667 ms - 2184[0m
[0mOPTIONS /api/monthly-taxes?year=2026&month=07 [32m204[0m 0.035 ms - 0[0m
[0mGET /api/monthly-taxes?year=2026&month=07 [36m304[0m 26.563 ms - -[0m
[0mOPTIONS /api/monthly-taxes?year=2026&month=06 [32m204[0m 0.062 ms - 0[0m
[0mGET /api/monthly-taxes?year=2026&month=06 [32m200[0m 37.499 ms - 17488[0m
[0mOPTIONS /api/customers [32m204[0m 0.041 ms - 0[0m
[0mGET /api/customers [36m304[0m 4.016 ms - -[0m
[0mOPTIONS /api/dashboard [32m204[0m 0.048 ms - 0[0m
[0mGET /api/dashboard [36m304[0m 5.375 ms - -[0m
[0mOPTIONS /api/customers [32m204[0m 0.046 ms - 0[0m
[0mGET /api/customers [36m304[0m 3.689 ms - -[0m
[0mOPTIONS /api/customers/5 [32m204[0m 0.036 ms - 0[0m
[0mOPTIONS /api/customers/5/assignments [32m204[0m 0.034 ms - 0[0m
[0mGET /api/customers/5 [32m200[0m 3.165 ms - 375[0m
[0mGET /api/customers/5/assignments [32m200[0m 3.520 ms - 87[0m
[0mOPTIONS /api/users [32m204[0m 0.043 ms - 0[0m
[0mGET /api/users [36m304[0m 1.904 ms - -[0m
[0mOPTIONS /api/customers/5 [32m204[0m 0.053 ms - 0[0m
[0mPATCH /api/customers/5 [32m200[0m 7.886 ms - 545[0m
[0mOPTIONS /api/customers/5/assignments [32m204[0m 0.041 ms - 0[0m
[0mOPTIONS /api/customers/5/contacts [32m204[0m 0.028 ms - 0[0m
[0mOPTIONS /api/customers/5/activity-logs [32m204[0m 0.029 ms - 0[0m
[0mOPTIONS /api/customers/5/documents [32m204[0m 0.025 ms - 0[0m
[0mGET /api/customers/5 [32m200[0m 5.256 ms - 542[0m
[0mGET /api/customers/5/contacts [32m200[0m 6.457 ms - 72[0m
[0mGET /api/customers/5/documents [32m200[0m 5.004 ms - 74[0m
[0mGET /api/customers/5/activity-logs [32m200[0m 5.708 ms - 687[0m
[0mGET /api/customers/5/assignments [36m304[0m 7.025 ms - -[0m
[0mOPTIONS /api/customers [32m204[0m 0.033 ms - 0[0m
[0mGET /api/customers [32m200[0m 3.429 ms - 14783[0m
[0mOPTIONS /api/customers/6 [32m204[0m 0.035 ms - 0[0m
[0mOPTIONS /api/customers/6/assignments [32m204[0m 0.031 ms - 0[0m
[0mGET /api/customers/6 [32m200[0m 2.706 ms - 373[0m
[0mGET /api/customers/6/assignments [32m200[0m 3.753 ms - 87[0m
[0mOPTIONS /api/users [32m204[0m 0.032 ms - 0[0m
[0mGET /api/users [36m304[0m 1.911 ms - -[0m
[0mOPTIONS /api/customers/6 [32m204[0m 0.046 ms - 0[0m
[0mPATCH /api/customers/6 [32m200[0m 8.144 ms - 508[0m
[0mOPTIONS /api/customers/6/assignments [32m204[0m 0.040 ms - 0[0m
[0mOPTIONS /api/customers/6/contacts [32m204[0m 0.028 ms - 0[0m
[0mOPTIONS /api/customers/6/activity-logs [32m204[0m 0.028 ms - 0[0m
[0mOPTIONS /api/customers/6/documents [32m204[0m 0.036 ms - 0[0m
[0mGET /api/customers/6 [32m200[0m 6.848 ms - 505[0m
[0mGET /api/customers/6/contacts [32m200[0m 7.480 ms - 72[0m
[0mGET /api/customers/6/assignments [36m304[0m 8.257 ms - -[0m
[0mGET /api/customers/6/activity-logs [32m200[0m 5.407 ms - 683[0m
[0mGET /api/customers/6/documents [32m200[0m 5.261 ms - 74[0m
[0mOPTIONS /api/customers [32m204[0m 0.036 ms - 0[0m
[0mGET /api/customers [32m200[0m 3.051 ms - 14915[0m
[0mOPTIONS /api/customers/7 [32m204[0m 0.039 ms - 0[0m
[0mOPTIONS /api/customers/7/assignments [32m204[0m 0.032 ms - 0[0m
[0mGET /api/customers/7 [32m200[0m 2.750 ms - 349[0m
[0mGET /api/customers/7/assignments [32m200[0m 3.550 ms - 87[0m
[0mOPTIONS /api/users [32m204[0m 0.033 ms - 0[0m
[0mGET /api/users [36m304[0m 1.793 ms - -[0m
[0mOPTIONS /api/customers/7 [32m204[0m 0.047 ms - 0[0m
[0mPATCH /api/customers/7 [32m200[0m 7.297 ms - 463[0m
[0mOPTIONS /api/customers/7/assignments [32m204[0m 0.044 ms - 0[0m
[0mOPTIONS /api/customers/7/activity-logs [32m204[0m 0.048 ms - 0[0m
[0mOPTIONS /api/customers/7/contacts [32m204[0m 0.022 ms - 0[0m
[0mOPTIONS /api/customers/7/documents [32m204[0m 0.019 ms - 0[0m
[0mGET /api/customers/7 [32m200[0m 4.549 ms - 460[0m
[0mGET /api/customers/7/activity-logs [32m200[0m 5.324 ms - 636[0m
[0mGET /api/customers/7/contacts [32m200[0m 5.057 ms - 72[0m
[0mGET /api/customers/7/assignments [36m304[0m 7.270 ms - -[0m
[0mGET /api/customers/7/documents [32m200[0m 4.136 ms - 74[0m
[0mOPTIONS /api/customers [32m204[0m 0.059 ms - 0[0m
[0mGET /api/customers [32m200[0m 4.110 ms - 15026[0m
[0mOPTIONS /api/customers/8 [32m204[0m 0.049 ms - 0[0m
[0mOPTIONS /api/customers/8/assignments [32m204[0m 0.029 ms - 0[0m
[0mGET /api/customers/8 [32m200[0m 2.936 ms - 372[0m
[0mGET /api/customers/8/assignments [32m200[0m 3.660 ms - 87[0m
[0mOPTIONS /api/users [32m204[0m 0.065 ms - 0[0m
[0mGET /api/users [36m304[0m 2.741 ms - -[0m
[0mOPTIONS /api/customers/8 [32m204[0m 0.061 ms - 0[0m
[0mPATCH /api/customers/8 [32m200[0m 9.483 ms - 583[0m
[0mOPTIONS /api/customers/8/assignments [32m204[0m 0.043 ms - 0[0m
[0mOPTIONS /api/customers/8/contacts [32m204[0m 0.019 ms - 0[0m
[0mOPTIONS /api/customers/8/activity-logs [32m204[0m 0.020 ms - 0[0m
[0mOPTIONS /api/customers/8/documents [32m204[0m 0.026 ms - 0[0m
[0mGET /api/customers/8 [32m200[0m 5.206 ms - 580[0m
[0mGET /api/customers/8/contacts [32m200[0m 6.548 ms - 72[0m
[0mGET /api/customers/8/activity-logs [32m200[0m 5.519 ms - 682[0m
[0mGET /api/customers/8/assignments [36m304[0m 7.565 ms - -[0m
[0mGET /api/customers/8/documents [32m200[0m 4.929 ms - 74[0m
[0mOPTIONS /api/customers [32m204[0m 0.034 ms - 0[0m
[0mGET /api/customers [32m200[0m 3.279 ms - 15234[0m
[0mOPTIONS /api/customers/9 [32m204[0m 0.033 ms - 0[0m
[0mOPTIONS /api/customers/9/assignments [32m204[0m 0.023 ms - 0[0m
[0mGET /api/customers/9 [32m200[0m 2.875 ms - 398[0m
[0mGET /api/customers/9/assignments [32m200[0m 3.740 ms - 87[0m
[0mOPTIONS /api/users [32m204[0m 0.030 ms - 0[0m
[0mGET /api/users [36m304[0m 1.961 ms - -[0m
[0mOPTIONS /api/customers/9 [32m204[0m 0.056 ms - 0[0m
[0mPATCH /api/customers/9 [32m200[0m 6.750 ms - 503[0m
[0mOPTIONS /api/customers/9/assignments [32m204[0m 0.040 ms - 0[0m
[0mOPTIONS /api/customers/9/contacts [32m204[0m 0.028 ms - 0[0m
[0mOPTIONS /api/customers/9/activity-logs [32m204[0m 0.021 ms - 0[0m
[0mOPTIONS /api/customers/9/documents [32m204[0m 0.026 ms - 0[0m
[0mGET /api/customers/9 [32m200[0m 6.151 ms - 500[0m
[0mGET /api/customers/9/contacts [32m200[0m 7.296 ms - 72[0m
[0mGET /api/customers/9/activity-logs [32m200[0m 6.940 ms - 734[0m
[0mGET /api/customers/9/assignments [36m304[0m 6.895 ms - -[0m
[0mGET /api/customers/9/documents [32m200[0m 3.920 ms - 74[0m
[0mOPTIONS /api/customers [32m204[0m 0.044 ms - 0[0m
[0mGET /api/customers [32m200[0m 3.699 ms - 15336[0m
[0mOPTIONS /api/customers/10 [32m204[0m 0.035 ms - 0[0m
[0mOPTIONS /api/customers/10/assignments [32m204[0m 0.040 ms - 0[0m
[0mGET /api/customers/10 [32m200[0m 2.961 ms - 357[0m
[0mGET /api/customers/10/assignments [32m200[0m 3.895 ms - 87[0m
[0mOPTIONS /api/users [32m204[0m 0.025 ms - 0[0m
[0mGET /api/users [36m304[0m 1.389 ms - -[0m
[0mOPTIONS /api/customers/10 [32m204[0m 0.055 ms - 0[0m
[0mPATCH /api/customers/10 [32m200[0m 9.072 ms - 514[0m
[0mOPTIONS /api/customers/10/assignments [32m204[0m 0.047 ms - 0[0m
[0mOPTIONS /api/customers/10/contacts [32m204[0m 0.029 ms - 0[0m
[0mOPTIONS /api/customers/10/activity-logs [32m204[0m 0.018 ms - 0[0m
[0mOPTIONS /api/customers/10/documents [32m204[0m 0.014 ms - 0[0m
[0mGET /api/customers/10 [32m200[0m 4.634 ms - 511[0m
[0mGET /api/customers/10/contacts [32m200[0m 6.906 ms - 72[0m
[0mGET /api/customers/10/documents [32m200[0m 6.218 ms - 74[0m
[0mGET /api/customers/10/activity-logs [32m200[0m 7.282 ms - 652[0m
[0mGET /api/customers/10/assignments [36m304[0m 9.344 ms - -[0m
[0mOPTIONS /api/customers [32m204[0m 0.053 ms - 0[0m
[0mGET /api/customers [32m200[0m 3.853 ms - 15490[0m
[0mOPTIONS /api/customers/11 [32m204[0m 0.043 ms - 0[0m
[0mOPTIONS /api/customers/11/assignments [32m204[0m 0.029 ms - 0[0m
[0mGET /api/customers/11 [32m200[0m 3.395 ms - 374[0m
[0mGET /api/customers/11/assignments [32m200[0m 4.172 ms - 87[0m
[0mOPTIONS /api/users [32m204[0m 0.069 ms - 0[0m
[0mGET /api/users [36m304[0m 2.141 ms - -[0m
[0mOPTIONS /api/customers/11 [32m204[0m 0.036 ms - 0[0m
[0mPATCH /api/customers/11 [32m200[0m 8.072 ms - 684[0m
[0mOPTIONS /api/customers/11/assignments [32m204[0m 0.031 ms - 0[0m
[0mOPTIONS /api/customers/11/contacts [32m204[0m 0.017 ms - 0[0m
[0mOPTIONS /api/customers/11/activity-logs [32m204[0m 0.016 ms - 0[0m
[0mOPTIONS /api/customers/11/documents [32m204[0m 0.015 ms - 0[0m
[0mGET /api/customers/11 [32m200[0m 4.328 ms - 681[0m
[0mGET /api/customers/11/contacts [32m200[0m 5.256 ms - 72[0m
[0mGET /api/customers/11/activity-logs [32m200[0m 4.532 ms - 686[0m
[0mGET /api/customers/11/documents [32m200[0m 4.410 ms - 74[0m
[0mGET /api/customers/11/assignments [36m304[0m 6.160 ms - -[0m
[0mOPTIONS /api/customers [32m204[0m 0.042 ms - 0[0m
[0mGET /api/customers [32m200[0m 4.856 ms - 15797[0m
[0mOPTIONS /api/customers/12 [32m204[0m 0.044 ms - 0[0m
[0mOPTIONS /api/customers/12/assignments [32m204[0m 0.030 ms - 0[0m
[0mGET /api/customers/12 [32m200[0m 2.998 ms - 358[0m
[0mGET /api/customers/12/assignments [32m200[0m 3.688 ms - 87[0m
[0mOPTIONS /api/users [32m204[0m 0.043 ms - 0[0m
[0mGET /api/users [36m304[0m 2.127 ms - -[0m
[0mOPTIONS /api/customers/12 [32m204[0m 0.031 ms - 0[0m
[0mPATCH /api/customers/12 [32m200[0m 8.350 ms - 463[0m
[0mOPTIONS /api/customers/12/assignments [32m204[0m 0.042 ms - 0[0m
[0mOPTIONS /api/customers/12/activity-logs [32m204[0m 0.028 ms - 0[0m
[0mOPTIONS /api/customers/12/contacts [32m204[0m 0.022 ms - 0[0m
[0mOPTIONS /api/customers/12/documents [32m204[0m 0.021 ms - 0[0m
[0mGET /api/customers/12 [32m200[0m 4.949 ms - 460[0m
[0mGET /api/customers/12/contacts [32m200[0m 4.914 ms - 72[0m
[0mGET /api/customers/12/activity-logs [32m200[0m 5.936 ms - 654[0m
[0mGET /api/customers/12/documents [32m200[0m 5.120 ms - 74[0m
[0mGET /api/customers/12/assignments [36m304[0m 7.666 ms - -[0m
[0mOPTIONS /api/customers [32m204[0m 0.048 ms - 0[0m
[0mGET /api/customers [32m200[0m 3.919 ms - 15899[0m
[0mOPTIONS /api/customers/13 [32m204[0m 0.048 ms - 0[0m
[0mOPTIONS /api/customers/13/assignments [32m204[0m 0.041 ms - 0[0m
[0mGET /api/customers/13 [32m200[0m 3.217 ms - 403[0m
[0mGET /api/customers/13/assignments [32m200[0m 4.464 ms - 87[0m
[0mOPTIONS /api/users [32m204[0m 0.032 ms - 0[0m
[0mGET /api/users [36m304[0m 1.949 ms - -[0m
[0mOPTIONS /api/customers/13 [32m204[0m 0.047 ms - 0[0m
[0mPATCH /api/customers/13 [32m200[0m 7.692 ms - 572[0m
[0mOPTIONS /api/customers/13/assignments [32m204[0m 0.039 ms - 0[0m
[0mOPTIONS /api/customers/13/contacts [32m204[0m 0.028 ms - 0[0m
[0mOPTIONS /api/customers/13/activity-logs [32m204[0m 0.045 ms - 0[0m
[0mOPTIONS /api/customers/13/documents [32m204[0m 0.023 ms - 0[0m
[0mGET /api/customers/13 [32m200[0m 4.522 ms - 569[0m
[0mGET /api/customers/13/contacts [32m200[0m 5.085 ms - 72[0m
[0mGET /api/customers/13/activity-logs [32m200[0m 4.888 ms - 744[0m
[0mGET /api/customers/13/documents [32m200[0m 4.755 ms - 74[0m
[0mGET /api/customers/13/assignments [36m304[0m 6.685 ms - -[0m
[0mOPTIONS /api/customers [32m204[0m 0.048 ms - 0[0m
[0mGET /api/customers [32m200[0m 3.043 ms - 16065[0m
[0mOPTIONS /api/customers/14 [32m204[0m 0.045 ms - 0[0m
[0mOPTIONS /api/customers/14/assignments [32m204[0m 0.027 ms - 0[0m
[0mGET /api/customers/14 [32m200[0m 3.165 ms - 380[0m
[0mGET /api/customers/14/assignments [32m200[0m 3.970 ms - 87[0m
[0mOPTIONS /api/users [32m204[0m 0.032 ms - 0[0m
[0mGET /api/users [36m304[0m 1.458 ms - -[0m
[0mOPTIONS /api/customers/14 [32m204[0m 0.048 ms - 0[0m
[0mPATCH /api/customers/14 [32m200[0m 8.238 ms - 549[0m
[0mOPTIONS /api/customers/14/assignments [32m204[0m 0.032 ms - 0[0m
[0mOPTIONS /api/customers/14/contacts [32m204[0m 0.062 ms - 0[0m
[0mOPTIONS /api/customers/14/activity-logs [32m204[0m 0.022 ms - 0[0m
[0mOPTIONS /api/customers/14/documents [32m204[0m 0.022 ms - 0[0m
[0mGET /api/customers/14 [32m200[0m 6.898 ms - 546[0m
[0mGET /api/customers/14/contacts [32m200[0m 6.526 ms - 72[0m
[0mGET /api/customers/14/activity-logs [32m200[0m 6.447 ms - 698[0m
[0mGET /api/customers/14/assignments [36m304[0m 8.911 ms - -[0m
[0mGET /api/customers/14/documents [32m200[0m 5.923 ms - 74[0m
[0mOPTIONS /api/customers [32m204[0m 0.074 ms - 0[0m
[0mGET /api/customers [32m200[0m 5.023 ms - 16231[0m
[0mOPTIONS /api/customers/14 [32m204[0m 0.060 ms - 0[0m
[0mOPTIONS /api/customers/14/assignments [32m204[0m 0.027 ms - 0[0m
[0mGET /api/customers/14 [36m304[0m 3.145 ms - -[0m
[0mGET /api/customers/14/assignments [36m304[0m 3.849 ms - -[0m
[0mOPTIONS /api/users [32m204[0m 0.031 ms - 0[0m
[0mGET /api/users [36m304[0m 1.634 ms - -[0m
[0mOPTIONS /api/customers [32m204[0m 0.041 ms - 0[0m
[0mGET /api/customers [36m304[0m 4.032 ms - -[0m
[0mOPTIONS /api/customers/15 [32m204[0m 0.058 ms - 0[0m
[0mOPTIONS /api/customers/15/assignments [32m204[0m 0.033 ms - 0[0m
[0mGET /api/customers/15 [32m200[0m 2.834 ms - 430[0m
[0mGET /api/customers/15/assignments [32m200[0m 3.468 ms - 87[0m
[0mOPTIONS /api/users [32m204[0m 0.030 ms - 0[0m
[0mGET /api/users [36m304[0m 2.053 ms - -[0m
[0mOPTIONS /api/customers/15 [32m204[0m 0.056 ms - 0[0m
[0mPATCH /api/customers/15 [32m200[0m 7.858 ms - 625[0m
[0mOPTIONS /api/customers/15/assignments [32m204[0m 0.029 ms - 0[0m
[0mOPTIONS /api/customers/15/contacts [32m204[0m 0.026 ms - 0[0m
[0mOPTIONS /api/customers/15/activity-logs [32m204[0m 0.022 ms - 0[0m
[0mOPTIONS /api/customers/15/documents [32m204[0m 0.019 ms - 0[0m
[0mGET /api/customers/15 [32m200[0m 4.360 ms - 622[0m
[0mGET /api/customers/15/contacts [32m200[0m 5.818 ms - 72[0m
[0mGET /api/customers/15/documents [32m200[0m 5.351 ms - 74[0m
[0mGET /api/customers/15/activity-logs [32m200[0m 5.972 ms - 798[0m
[0mGET /api/customers/15/assignments [36m304[0m 8.267 ms - -[0m
[0mOPTIONS /api/customers [32m204[0m 0.042 ms - 0[0m
[0mGET /api/customers [32m200[0m 4.412 ms - 16423[0m
[0mOPTIONS /api/customers/16 [32m204[0m 0.062 ms - 0[0m
[0mOPTIONS /api/customers/16/assignments [32m204[0m 0.047 ms - 0[0m
[0mGET /api/customers/16 [32m200[0m 3.338 ms - 361[0m
[0mGET /api/customers/16/assignments [32m200[0m 4.113 ms - 87[0m
[0mOPTIONS /api/users [32m204[0m 0.034 ms - 0[0m
[0mGET /api/users [36m304[0m 1.474 ms - -[0m
[0mOPTIONS /api/customers/16 [32m204[0m 0.059 ms - 0[0m
[0mPATCH /api/customers/16 [32m200[0m 8.238 ms - 545[0m
[0mOPTIONS /api/customers/16/assignments [32m204[0m 0.030 ms - 0[0m
[0mOPTIONS /api/customers/16/contacts [32m204[0m 0.022 ms - 0[0m
[0mOPTIONS /api/customers/16/activity-logs [32m204[0m 0.021 ms - 0[0m
[0mOPTIONS /api/customers/16/documents [32m204[0m 0.013 ms - 0[0m
[0mGET /api/customers/16 [32m200[0m 4.302 ms - 542[0m
[0mGET /api/customers/16/contacts [32m200[0m 4.092 ms - 72[0m
[0mGET /api/customers/16/activity-logs [32m200[0m 3.958 ms - 660[0m
[0mGET /api/customers/16/documents [32m200[0m 3.807 ms - 74[0m
[0mGET /api/customers/16/assignments [36m304[0m 5.748 ms - -[0m
[0mOPTIONS /api/customers [32m204[0m 0.041 ms - 0[0m
[0mGET /api/customers [32m200[0m 3.956 ms - 16604[0m
[0mOPTIONS /api/customers/17 [32m204[0m 0.069 ms - 0[0m
[0mOPTIONS /api/customers/17/assignments [32m204[0m 0.041 ms - 0[0m
[0mGET /api/customers/17 [32m200[0m 3.049 ms - 358[0m
[0mGET /api/customers/17/assignments [32m200[0m 3.676 ms - 87[0m
[0mOPTIONS /api/users [32m204[0m 0.033 ms - 0[0m
[0mGET /api/users [36m304[0m 1.508 ms - -[0m
[0mOPTIONS /api/customers/17 [32m204[0m 0.056 ms - 0[0m
[0mPATCH /api/customers/17 [32m200[0m 8.527 ms - 550[0m
[0mOPTIONS /api/customers/17/assignments [32m204[0m 0.043 ms - 0[0m
[0mOPTIONS /api/customers/17/contacts [32m204[0m 0.028 ms - 0[0m
[0mOPTIONS /api/customers/17/activity-logs [32m204[0m 0.019 ms - 0[0m
[0mOPTIONS /api/customers/17/documents [32m204[0m 0.019 ms - 0[0m
[0mGET /api/customers/17 [32m200[0m 5.636 ms - 547[0m
[0mGET /api/customers/17/activity-logs [32m200[0m 4.272 ms - 654[0m
[0mGET /api/customers/17/contacts [32m200[0m 4.970 ms - 72[0m
[0mGET /api/customers/17/documents [32m200[0m 4.300 ms - 74[0m
[0mGET /api/customers/17/assignments [36m304[0m 6.536 ms - -[0m
[0mOPTIONS /api/customers [32m204[0m 0.043 ms - 0[0m
[0mGET /api/customers [32m200[0m 4.048 ms - 16793[0m
[0mOPTIONS /api/customers/18 [32m204[0m 0.041 ms - 0[0m
[0mOPTIONS /api/customers/18/assignments [32m204[0m 0.024 ms - 0[0m
[0mGET /api/customers/18 [32m200[0m 2.596 ms - 411[0m
[0mGET /api/customers/18/assignments [32m200[0m 3.600 ms - 87[0m
[0mOPTIONS /api/users [32m204[0m 0.027 ms - 0[0m
[0mGET /api/users [36m304[0m 1.330 ms - -[0m
[0mOPTIONS /api/customers/18 [32m204[0m 0.030 ms - 0[0m
[0mPATCH /api/customers/18 [32m200[0m 7.505 ms - 544[0m
[0mOPTIONS /api/customers/18/assignments [32m204[0m 0.031 ms - 0[0m
[0mOPTIONS /api/customers/18/contacts [32m204[0m 0.028 ms - 0[0m
[0mOPTIONS /api/customers/18/activity-logs [32m204[0m 0.020 ms - 0[0m
[0mOPTIONS /api/customers/18/documents [32m204[0m 0.016 ms - 0[0m
[0mGET /api/customers/18 [32m200[0m 4.594 ms - 541[0m
[0mGET /api/customers/18/contacts [32m200[0m 5.076 ms - 72[0m
[0mGET /api/customers/18/documents [32m200[0m 4.187 ms - 74[0m
[0mGET /api/customers/18/activity-logs [32m200[0m 4.822 ms - 760[0m
[0mGET /api/customers/18/assignments [36m304[0m 6.454 ms - -[0m
[0mOPTIONS /api/customers [32m204[0m 0.036 ms - 0[0m
[0mGET /api/customers [32m200[0m 4.231 ms - 16923[0m
[0mOPTIONS /api/customers/19 [32m204[0m 0.032 ms - 0[0m
[0mOPTIONS /api/customers/19/assignments [32m204[0m 0.027 ms - 0[0m
[0mGET /api/customers/19 [32m200[0m 2.676 ms - 353[0m
[0mGET /api/customers/19/assignments [32m200[0m 3.970 ms - 87[0m
[0mOPTIONS /api/users [32m204[0m 0.068 ms - 0[0m
[0mGET /api/users [36m304[0m 1.868 ms - -[0m
[0mOPTIONS /api/customers/19 [32m204[0m 0.048 ms - 0[0m
[0mPATCH /api/customers/19 [32m200[0m 6.745 ms - 540[0m
[0mOPTIONS /api/customers/19/assignments [32m204[0m 0.037 ms - 0[0m
[0mOPTIONS /api/customers/19/contacts [32m204[0m 0.017 ms - 0[0m
[0mOPTIONS /api/customers/19/activity-logs [32m204[0m 0.018 ms - 0[0m
[0mOPTIONS /api/customers/19/documents [32m204[0m 0.017 ms - 0[0m
[0mGET /api/customers/19 [32m200[0m 4.907 ms - 537[0m
[0mGET /api/customers/19/contacts [32m200[0m 5.539 ms - 72[0m
[0mGET /api/customers/19/activity-logs [32m200[0m 4.749 ms - 644[0m
[0mGET /api/customers/19/assignments [36m304[0m 7.014 ms - -[0m
[0mGET /api/customers/19/documents [32m200[0m 4.207 ms - 74[0m
[0mOPTIONS /api/customers [32m204[0m 0.054 ms - 0[0m
[0mGET /api/customers [32m200[0m 4.255 ms - 17107[0m
[0mOPTIONS /api/customers/20 [32m204[0m 0.050 ms - 0[0m
[0mOPTIONS /api/customers/20/assignments [32m204[0m 0.031 ms - 0[0m
[0mGET /api/customers/20 [32m200[0m 2.951 ms - 424[0m
[0mGET /api/customers/20/assignments [32m200[0m 3.531 ms - 87[0m
[0mOPTIONS /api/users [32m204[0m 0.030 ms - 0[0m
[0mGET /api/users [36m304[0m 1.682 ms - -[0m
[0mOPTIONS /api/customers/20 [32m204[0m 0.049 ms - 0[0m
[0mPATCH /api/customers/20 [32m200[0m 7.924 ms - 581[0m
[0mOPTIONS /api/customers/20/assignments [32m204[0m 0.040 ms - 0[0m
[0mOPTIONS /api/customers/20/contacts [32m204[0m 0.025 ms - 0[0m
[0mOPTIONS /api/customers/20/activity-logs [32m204[0m 0.018 ms - 0[0m
[0mOPTIONS /api/customers/20/documents [32m204[0m 0.022 ms - 0[0m
[0mGET /api/customers/20 [32m200[0m 5.044 ms - 578[0m
[0mGET /api/customers/20/contacts [32m200[0m 5.171 ms - 72[0m
[0mGET /api/customers/20/activity-logs [32m200[0m 4.786 ms - 786[0m
[0mGET /api/customers/20/assignments [36m304[0m 7.548 ms - -[0m
[0mGET /api/customers/20/documents [32m200[0m 4.955 ms - 74[0m
[0mOPTIONS /api/customers [32m204[0m 0.077 ms - 0[0m
[0mGET /api/customers [32m200[0m 4.257 ms - 17261[0m
[0mOPTIONS /api/customers/21 [32m204[0m 0.063 ms - 0[0m
[0mOPTIONS /api/customers/21/assignments [32m204[0m 0.029 ms - 0[0m
[0mGET /api/customers/21 [32m200[0m 3.317 ms - 383[0m
[0mGET /api/customers/21/assignments [32m200[0m 4.042 ms - 87[0m
[0mOPTIONS /api/users [32m204[0m 0.033 ms - 0[0m
[0mGET /api/users [36m304[0m 1.800 ms - -[0m
[0mOPTIONS /api/customers/21 [32m204[0m 0.060 ms - 0[0m
[0mPATCH /api/customers/21 [32m200[0m 21.684 ms - 540[0m
[0mOPTIONS /api/customers/21/assignments [32m204[0m 0.038 ms - 0[0m
[0mOPTIONS /api/customers/21/activity-logs [32m204[0m 0.028 ms - 0[0m
[0mOPTIONS /api/customers/21/contacts [32m204[0m 0.019 ms - 0[0m
[0mOPTIONS /api/customers/21/documents [32m204[0m 0.022 ms - 0[0m
[0mGET /api/customers/21 [32m200[0m 5.183 ms - 537[0m
[0mGET /api/customers/21/activity-logs [32m200[0m 4.862 ms - 704[0m
[0mGET /api/customers/21/contacts [32m200[0m 4.633 ms - 72[0m
[0mGET /api/customers/21/documents [32m200[0m 4.458 ms - 74[0m
[0mGET /api/customers/21/assignments [36m304[0m 6.982 ms - -[0m
[0mOPTIONS /api/customers [32m204[0m 0.036 ms - 0[0m
[0mGET /api/customers [32m200[0m 3.075 ms - 17415[0m
[0mOPTIONS /api/customers/22 [32m204[0m 0.042 ms - 0[0m
[0mOPTIONS /api/customers/22/assignments [32m204[0m 0.039 ms - 0[0m
[0mGET /api/customers/22 [32m200[0m 3.358 ms - 333[0m
[0mGET /api/customers/22/assignments [32m200[0m 3.976 ms - 87[0m
[0mOPTIONS /api/users [32m204[0m 0.027 ms - 0[0m
[0mGET /api/users [36m304[0m 1.519 ms - -[0m
[0mOPTIONS /api/customers/22 [32m204[0m 0.048 ms - 0[0m
[0mPATCH /api/customers/22 [32m200[0m 8.443 ms - 474[0m
[0mOPTIONS /api/customers/22/assignments [32m204[0m 0.032 ms - 0[0m
[0mOPTIONS /api/customers/22/contacts [32m204[0m 0.021 ms - 0[0m
[0mOPTIONS /api/customers/22/activity-logs [32m204[0m 0.014 ms - 0[0m
[0mOPTIONS /api/customers/22/documents [32m204[0m 0.015 ms - 0[0m
[0mGET /api/customers/22 [32m200[0m 4.038 ms - 471[0m
[0mGET /api/customers/22/contacts [32m200[0m 5.084 ms - 72[0m
[0mGET /api/customers/22/activity-logs [32m200[0m 5.362 ms - 604[0m
[0mGET /api/customers/22/assignments [36m304[0m 7.547 ms - -[0m
[0mGET /api/customers/22/documents [32m200[0m 4.489 ms - 74[0m
[0mOPTIONS /api/customers [32m204[0m 0.055 ms - 0[0m
[0mGET /api/customers [32m200[0m 4.239 ms - 17553[0m
[0mOPTIONS /api/customers/21 [32m204[0m 0.034 ms - 0[0m
[0mOPTIONS /api/customers/21/assignments [32m204[0m 0.084 ms - 0[0m
[0mGET /api/customers/21 [36m304[0m 3.290 ms - -[0m
[0mGET /api/customers/21/assignments [36m304[0m 3.696 ms - -[0m
[0mOPTIONS /api/users [32m204[0m 0.033 ms - 0[0m
[0mGET /api/users [36m304[0m 1.545 ms - -[0m
[0mOPTIONS /api/customers [32m204[0m 0.052 ms - 0[0m
[0mGET /api/customers [36m304[0m 4.454 ms - -[0m
[0mOPTIONS /api/customers/22 [32m204[0m 0.036 ms - 0[0m
[0mOPTIONS /api/customers/22/assignments [32m204[0m 0.019 ms - 0[0m
[0mGET /api/customers/22 [36m304[0m 3.015 ms - -[0m
[0mGET /api/customers/22/assignments [36m304[0m 3.702 ms - -[0m
[0mOPTIONS /api/users [32m204[0m 0.030 ms - 0[0m
[0mGET /api/users [36m304[0m 1.940 ms - -[0m
[0mOPTIONS /api/customers [32m204[0m 0.031 ms - 0[0m
[0mGET /api/customers [36m304[0m 4.959 ms - -[0m
[0mOPTIONS /api/customers/23 [32m204[0m 0.056 ms - 0[0m
[0mOPTIONS /api/customers/23/assignments [32m204[0m 0.040 ms - 0[0m
[0mGET /api/customers/23 [32m200[0m 3.295 ms - 364[0m
[0mGET /api/customers/23/assignments [32m200[0m 3.958 ms - 87[0m
[0mOPTIONS /api/users [32m204[0m 0.028 ms - 0[0m
[0mGET /api/users [36m304[0m 1.905 ms - -[0m
[0mOPTIONS /api/customers/23 [32m204[0m 0.042 ms - 0[0m
[0mPATCH /api/customers/23 [32m200[0m 7.522 ms - 556[0m
[0mOPTIONS /api/customers/23/assignments [32m204[0m 0.035 ms - 0[0m
[0mOPTIONS /api/customers/23/contacts [32m204[0m 0.017 ms - 0[0m
[0mOPTIONS /api/customers/23/activity-logs [32m204[0m 0.020 ms - 0[0m
[0mOPTIONS /api/customers/23/documents [32m204[0m 0.011 ms - 0[0m
[0mGET /api/customers/23 [32m200[0m 5.059 ms - 553[0m
[0mGET /api/customers/23/assignments [36m304[0m 7.276 ms - -[0m
[0mGET /api/customers/23/contacts [32m200[0m 5.491 ms - 72[0m
[0mGET /api/customers/23/activity-logs [32m200[0m 5.084 ms - 666[0m
[0mGET /api/customers/23/documents [32m200[0m 4.620 ms - 74[0m
[0mOPTIONS /api/customers [32m204[0m 0.041 ms - 0[0m
[0mGET /api/customers [32m200[0m 4.077 ms - 17742[0m
[0mOPTIONS /api/customers/24 [32m204[0m 0.054 ms - 0[0m
[0mOPTIONS /api/customers/24/assignments [32m204[0m 0.057 ms - 0[0m
[0mGET /api/customers/24 [32m200[0m 2.960 ms - 368[0m
[0mGET /api/customers/24/assignments [32m200[0m 3.441 ms - 87[0m
[0mOPTIONS /api/users [32m204[0m 0.029 ms - 0[0m
[0mGET /api/users [36m304[0m 2.045 ms - -[0m
[0mOPTIONS /api/customers/24 [32m204[0m 0.061 ms - 0[0m
[0mPATCH /api/customers/24 [32m200[0m 8.084 ms - 521[0m
[0mOPTIONS /api/customers/24/assignments [32m204[0m 0.029 ms - 0[0m
[0mOPTIONS /api/customers/24/contacts [32m204[0m 0.015 ms - 0[0m
[0mOPTIONS /api/customers/24/activity-logs [32m204[0m 0.026 ms - 0[0m
[0mOPTIONS /api/customers/24/documents [32m204[0m 0.017 ms - 0[0m
[0mGET /api/customers/24 [32m200[0m 3.800 ms - 518[0m
[0mGET /api/customers/24/contacts [32m200[0m 5.006 ms - 72[0m
[0mGET /api/customers/24/documents [32m200[0m 4.043 ms - 74[0m
[0mGET /api/customers/24/activity-logs [32m200[0m 4.627 ms - 674[0m
[0mGET /api/customers/24/assignments [36m304[0m 5.791 ms - -[0m
[0mOPTIONS /api/customers [32m204[0m 0.057 ms - 0[0m
[0mGET /api/customers [32m200[0m 6.369 ms - 17892[0m
[0mOPTIONS /api/customers/25 [32m204[0m 0.077 ms - 0[0m
[0mOPTIONS /api/customers/25/assignments [32m204[0m 0.021 ms - 0[0m
[0mGET /api/customers/25 [32m200[0m 2.690 ms - 379[0m
[0mGET /api/customers/25/assignments [32m200[0m 3.631 ms - 87[0m
[0mOPTIONS /api/users [32m204[0m 0.044 ms - 0[0m
[0mGET /api/users [36m304[0m 1.789 ms - -[0m
[0mOPTIONS /api/customers/25 [32m204[0m 0.053 ms - 0[0m
[0mPATCH /api/customers/25 [32m200[0m 7.494 ms - 624[0m
[0mOPTIONS /api/customers/25/assignments [32m204[0m 0.057 ms - 0[0m
[0mOPTIONS /api/customers/25/contacts [32m204[0m 0.037 ms - 0[0m
[0mOPTIONS /api/customers/25/activity-logs [32m204[0m 0.015 ms - 0[0m
[0mOPTIONS /api/customers/25/documents [32m204[0m 0.015 ms - 0[0m
[0mGET /api/customers/25 [32m200[0m 4.659 ms - 621[0m
[0mGET /api/customers/25/contacts [32m200[0m 3.965 ms - 72[0m
[0mGET /api/customers/25/activity-logs [32m200[0m 4.051 ms - 696[0m
[0mGET /api/customers/25/assignments [36m304[0m 5.828 ms - -[0m
[0mGET /api/customers/25/documents [32m200[0m 2.890 ms - 74[0m
[0mOPTIONS /api/customers [32m204[0m 0.051 ms - 0[0m
[0mGET /api/customers [32m200[0m 3.919 ms - 18134[0m
[0mOPTIONS /api/customers/26 [32m204[0m 0.040 ms - 0[0m
[0mOPTIONS /api/customers/26/assignments [32m204[0m 0.060 ms - 0[0m
[0mGET /api/customers/26 [32m200[0m 4.030 ms - 448[0m
[0mGET /api/customers/26/assignments [32m200[0m 4.182 ms - 87[0m
[0mOPTIONS /api/users [32m204[0m 0.036 ms - 0[0m
[0mGET /api/users [36m304[0m 1.378 ms - -[0m
[0mOPTIONS /api/customers/26 [32m204[0m 0.071 ms - 0[0m
[0mPATCH /api/customers/26 [32m200[0m 11.755 ms - 576[0m
[0mOPTIONS /api/customers/26/assignments [32m204[0m 0.038 ms - 0[0m
[0mOPTIONS /api/customers/26/activity-logs [32m204[0m 0.018 ms - 0[0m
[0mOPTIONS /api/customers/26/contacts [32m204[0m 0.013 ms - 0[0m
[0mOPTIONS /api/customers/26/documents [32m204[0m 0.036 ms - 0[0m
[0mGET /api/customers/26 [32m200[0m 4.324 ms - 573[0m
[0mGET /api/customers/26/activity-logs [32m200[0m 5.491 ms - 834[0m
[0mGET /api/customers/26/contacts [32m200[0m 5.347 ms - 72[0m
[0mGET /api/customers/26/documents [32m200[0m 5.143 ms - 74[0m
[0mGET /api/customers/26/assignments [36m304[0m 7.083 ms - -[0m
[0mOPTIONS /api/customers [32m204[0m 0.028 ms - 0[0m
[0mGET /api/customers [32m200[0m 3.352 ms - 18259[0m
[0mOPTIONS /api/customers/27 [32m204[0m 0.031 ms - 0[0m
[0mOPTIONS /api/customers/27/assignments [32m204[0m 0.026 ms - 0[0m
[0mGET /api/customers/27 [32m200[0m 3.176 ms - 386[0m
[0mGET /api/customers/27/assignments [32m200[0m 3.412 ms - 87[0m
[0mOPTIONS /api/users [32m204[0m 0.025 ms - 0[0m
[0mGET /api/users [36m304[0m 1.307 ms - -[0m
[0mOPTIONS /api/customers/27 [32m204[0m 0.051 ms - 0[0m
[0mPATCH /api/customers/27 [32m200[0m 7.335 ms - 563[0m
[0mOPTIONS /api/customers/27/assignments [32m204[0m 0.031 ms - 0[0m
[0mOPTIONS /api/customers/27/contacts [32m204[0m 0.026 ms - 0[0m
[0mOPTIONS /api/customers/27/activity-logs [32m204[0m 0.022 ms - 0[0m
[0mOPTIONS /api/customers/27/documents [32m204[0m 0.016 ms - 0[0m
[0mGET /api/customers/27 [32m200[0m 3.714 ms - 560[0m
[0mGET /api/customers/27/contacts [32m200[0m 4.190 ms - 72[0m
[0mGET /api/customers/27/activity-logs [32m200[0m 4.043 ms - 710[0m
[0mGET /api/customers/27/documents [32m200[0m 4.254 ms - 74[0m
[0mGET /api/customers/27/assignments [36m304[0m 5.913 ms - -[0m
[0mOPTIONS /api/customers [32m204[0m 0.029 ms - 0[0m
[0mGET /api/customers [32m200[0m 2.981 ms - 18433[0m
[0mOPTIONS /api/customers/28 [32m204[0m 0.053 ms - 0[0m
[0mOPTIONS /api/customers/28/assignments [32m204[0m 0.040 ms - 0[0m
[0mGET /api/customers/28 [32m200[0m 3.533 ms - 398[0m
[0mGET /api/customers/28/assignments [32m200[0m 3.557 ms - 87[0m
[0mOPTIONS /api/users [32m204[0m 0.029 ms - 0[0m
[0mGET /api/users [36m304[0m 1.399 ms - -[0m
[0mOPTIONS /api/customers/28 [32m204[0m 0.060 ms - 0[0m
[0mPATCH /api/customers/28 [32m200[0m 7.638 ms - 573[0m
[0mOPTIONS /api/customers/28/assignments [32m204[0m 0.028 ms - 0[0m
[0mOPTIONS /api/customers/28/contacts [32m204[0m 0.028 ms - 0[0m
[0mOPTIONS /api/customers/28/activity-logs [32m204[0m 0.016 ms - 0[0m
[0mOPTIONS /api/customers/28/documents [32m204[0m 0.011 ms - 0[0m
[0mGET /api/customers/28 [32m200[0m 3.635 ms - 570[0m
[0mGET /api/customers/28/contacts [32m200[0m 4.726 ms - 72[0m
[0mGET /api/customers/28/documents [32m200[0m 3.927 ms - 74[0m
[0mGET /api/customers/28/activity-logs [32m200[0m 4.425 ms - 734[0m
[0mGET /api/customers/28/assignments [36m304[0m 5.098 ms - -[0m
[0mOPTIONS /api/customers [32m204[0m 0.033 ms - 0[0m
[0mGET /api/customers [32m200[0m 3.575 ms - 18605[0m
[0mOPTIONS /api/customers/29 [32m204[0m 0.042 ms - 0[0m
[0mOPTIONS /api/customers/29/assignments [32m204[0m 0.034 ms - 0[0m
[0mGET /api/customers/29 [32m200[0m 2.927 ms - 346[0m
[0mGET /api/customers/29/assignments [32m200[0m 3.642 ms - 87[0m
[0mOPTIONS /api/users [32m204[0m 0.032 ms - 0[0m
[0mGET /api/users [36m304[0m 1.680 ms - -[0m
[0mOPTIONS /api/customers/29 [32m204[0m 0.056 ms - 0[0m
[0mPATCH /api/customers/29 [32m200[0m 8.197 ms - 501[0m
[0mOPTIONS /api/customers/29/assignments [32m204[0m 0.052 ms - 0[0m
[0mOPTIONS /api/customers/29/contacts [32m204[0m 0.025 ms - 0[0m
[0mOPTIONS /api/customers/29/activity-logs [32m204[0m 0.027 ms - 0[0m
[0mOPTIONS /api/customers/29/documents [32m204[0m 0.018 ms - 0[0m
[0mGET /api/customers/29 [32m200[0m 6.305 ms - 498[0m
[0mGET /api/customers/29/contacts [32m200[0m 6.592 ms - 72[0m
[0mGET /api/customers/29/activity-logs [32m200[0m 6.014 ms - 630[0m
[0mGET /api/customers/29/documents [32m200[0m 6.708 ms - 74[0m
[0mGET /api/customers/29/assignments [36m304[0m 8.330 ms - -[0m
[0mOPTIONS /api/customers [32m204[0m 0.028 ms - 0[0m
[0mGET /api/customers [32m200[0m 3.190 ms - 18757[0m
[0mOPTIONS /api/customers/30 [32m204[0m 0.033 ms - 0[0m
[0mOPTIONS /api/customers/30/assignments [32m204[0m 0.026 ms - 0[0m
[0mGET /api/customers/30 [32m200[0m 3.085 ms - 395[0m
[0mGET /api/customers/30/assignments [32m200[0m 3.839 ms - 87[0m
[0mOPTIONS /api/users [32m204[0m 0.026 ms - 0[0m
[0mGET /api/users [36m304[0m 1.373 ms - -[0m
[0mOPTIONS /api/customers/30 [32m204[0m 0.051 ms - 0[0m
[0mPATCH /api/customers/30 [32m200[0m 7.228 ms - 565[0m
[0mOPTIONS /api/customers/30/assignments [32m204[0m 0.030 ms - 0[0m
[0mOPTIONS /api/customers/30/contacts [32m204[0m 0.015 ms - 0[0m
[0mOPTIONS /api/customers/30/activity-logs [32m204[0m 0.009 ms - 0[0m
[0mOPTIONS /api/customers/30/documents [32m204[0m 0.013 ms - 0[0m
[0mGET /api/customers/30 [32m200[0m 4.240 ms - 562[0m
[0mGET /api/customers/30/contacts [32m200[0m 5.498 ms - 72[0m
[0mGET /api/customers/30/documents [32m200[0m 4.432 ms - 74[0m
[0mGET /api/customers/30/activity-logs [32m200[0m 5.044 ms - 728[0m
[0mGET /api/customers/30/assignments [36m304[0m 5.924 ms - -[0m
[0mOPTIONS /api/customers [32m204[0m 0.028 ms - 0[0m
[0mGET /api/customers [32m200[0m 2.931 ms - 18924[0m
[0mOPTIONS /api/customers/31 [32m204[0m 0.049 ms - 0[0m
[0mOPTIONS /api/customers/31/assignments [32m204[0m 0.021 ms - 0[0m
[0mGET /api/customers/31 [32m200[0m 2.976 ms - 392[0m
[0mGET /api/customers/31/assignments [32m200[0m 3.687 ms - 87[0m
[0mOPTIONS /api/users [32m204[0m 0.030 ms - 0[0m
[0mGET /api/users [36m304[0m 1.698 ms - -[0m
[0mOPTIONS /api/customers/31 [32m204[0m 0.052 ms - 0[0m
[0mPATCH /api/customers/31 [32m200[0m 6.645 ms - 533[0m
[0mOPTIONS /api/customers/31/assignments [32m204[0m 0.053 ms - 0[0m
[0mOPTIONS /api/customers/31/contacts [32m204[0m 0.034 ms - 0[0m
[0mOPTIONS /api/customers/31/activity-logs [32m204[0m 0.019 ms - 0[0m
[0mOPTIONS /api/customers/31/documents [32m204[0m 0.013 ms - 0[0m
[0mGET /api/customers/31 [32m200[0m 4.078 ms - 530[0m
[0mGET /api/customers/31/contacts [32m200[0m 5.745 ms - 72[0m
[0mGET /api/customers/31/activity-logs [32m200[0m 5.502 ms - 722[0m
[0mGET /api/customers/31/documents [32m200[0m 5.074 ms - 74[0m
[0mGET /api/customers/31/assignments [36m304[0m 7.934 ms - -[0m
[0mOPTIONS /api/customers [32m204[0m 0.029 ms - 0[0m
[0mGET /api/customers [32m200[0m 3.072 ms - 19062[0m
[0mOPTIONS /api/customers/32 [32m204[0m 0.028 ms - 0[0m
[0mOPTIONS /api/customers/32/assignments [32m204[0m 0.019 ms - 0[0m
[0mGET /api/customers/32 [32m200[0m 3.007 ms - 358[0m
[0mGET /api/customers/32/assignments [32m200[0m 3.576 ms - 87[0m
[0mOPTIONS /api/users [32m204[0m 0.028 ms - 0[0m
[0mGET /api/users [36m304[0m 1.803 ms - -[0m
[0mOPTIONS /api/customers/32 [32m204[0m 0.055 ms - 0[0m
[0mPATCH /api/customers/32 [32m200[0m 8.158 ms - 505[0m
[0mOPTIONS /api/customers/32/assignments [32m204[0m 0.031 ms - 0[0m
[0mOPTIONS /api/customers/32/contacts [32m204[0m 0.018 ms - 0[0m
[0mOPTIONS /api/customers/32/activity-logs [32m204[0m 0.012 ms - 0[0m
[0mOPTIONS /api/customers/32/documents [32m204[0m 0.015 ms - 0[0m
[0mGET /api/customers/32 [32m200[0m 4.880 ms - 502[0m
[0mGET /api/customers/32/activity-logs [32m200[0m 5.666 ms - 654[0m
[0mGET /api/customers/32/contacts [32m200[0m 5.546 ms - 72[0m
[0mGET /api/customers/32/documents [32m200[0m 5.329 ms - 74[0m
[0mGET /api/customers/32/assignments [36m304[0m 7.928 ms - -[0m
[0mOPTIONS /api/customers [32m204[0m 0.028 ms - 0[0m
[0mGET /api/customers [32m200[0m 2.898 ms - 19206[0m
[0mOPTIONS /api/customers/33 [32m204[0m 0.045 ms - 0[0m
[0mOPTIONS /api/customers/33/assignments [32m204[0m 0.026 ms - 0[0m
[0mGET /api/customers/33 [32m200[0m 3.338 ms - 388[0m
[0mGET /api/customers/33/assignments [32m200[0m 4.320 ms - 87[0m
[0mOPTIONS /api/users [32m204[0m 0.048 ms - 0[0m
[0mGET /api/users [36m304[0m 1.758 ms - -[0m
[0mOPTIONS /api/customers/33 [32m204[0m 0.053 ms - 0[0m
[0mPATCH /api/customers/33 [32m200[0m 7.483 ms - 505[0m
[0mOPTIONS /api/customers/33/assignments [32m204[0m 0.041 ms - 0[0m
[0mOPTIONS /api/customers/33/contacts [32m204[0m 0.028 ms - 0[0m
[0mOPTIONS /api/customers/33/activity-logs [32m204[0m 0.026 ms - 0[0m
[0mOPTIONS /api/customers/33/documents [32m204[0m 0.017 ms - 0[0m
[0mGET /api/customers/33 [32m200[0m 4.411 ms - 502[0m
[0mGET /api/customers/33/contacts [32m200[0m 4.473 ms - 72[0m
[0mGET /api/customers/33/documents [32m200[0m 3.334 ms - 74[0m
[0mGET /api/customers/33/activity-logs [32m200[0m 4.038 ms - 714[0m
[0mGET /api/customers/33/assignments [36m304[0m 6.049 ms - -[0m
[0mOPTIONS /api/customers [32m204[0m 0.029 ms - 0[0m
[0mGET /api/customers [32m200[0m 3.115 ms - 19320[0m
[0mOPTIONS /api/customers/34 [32m204[0m 0.044 ms - 0[0m
[0mOPTIONS /api/customers/34/assignments [32m204[0m 0.027 ms - 0[0m
[0mGET /api/customers/34 [32m200[0m 2.756 ms - 354[0m
[0mGET /api/customers/34/assignments [32m200[0m 3.284 ms - 87[0m
[0mOPTIONS /api/users [32m204[0m 0.038 ms - 0[0m
[0mGET /api/users [36m304[0m 1.799 ms - -[0m
[0mOPTIONS /api/customers/34 [32m204[0m 0.046 ms - 0[0m
[0mPATCH /api/customers/34 [32m200[0m 6.645 ms - 530[0m
[0mOPTIONS /api/customers/34/assignments [32m204[0m 0.038 ms - 0[0m
[0mOPTIONS /api/customers/34/contacts [32m204[0m 0.023 ms - 0[0m
[0mOPTIONS /api/customers/34/activity-logs [32m204[0m 0.023 ms - 0[0m
[0mOPTIONS /api/customers/34/documents [32m204[0m 0.020 ms - 0[0m
[0mGET /api/customers/34 [32m200[0m 4.734 ms - 527[0m
[0mGET /api/customers/34/contacts [32m200[0m 5.335 ms - 72[0m
[0mGET /api/customers/34/activity-logs [32m200[0m 4.238 ms - 646[0m
[0mGET /api/customers/34/documents [32m200[0m 4.056 ms - 74[0m
[0mGET /api/customers/34/assignments [36m304[0m 5.582 ms - -[0m
[0mOPTIONS /api/customers [32m204[0m 0.038 ms - 0[0m
[0mGET /api/customers [32m200[0m 4.597 ms - 19493[0m
[0mOPTIONS /api/customers/35 [32m204[0m 0.031 ms - 0[0m
[0mOPTIONS /api/customers/35/assignments [32m204[0m 0.022 ms - 0[0m
[0mGET /api/customers/35 [32m200[0m 2.510 ms - 348[0m
[0mGET /api/customers/35/assignments [32m200[0m 3.317 ms - 87[0m
[0mOPTIONS /api/users [32m204[0m 0.031 ms - 0[0m
[0mGET /api/users [36m304[0m 1.360 ms - -[0m
[0mOPTIONS /api/customers/35 [32m204[0m 0.047 ms - 0[0m
[0mPATCH /api/customers/35 [32m200[0m 7.934 ms - 519[0m
[0mOPTIONS /api/customers/35/assignments [32m204[0m 0.036 ms - 0[0m
[0mOPTIONS /api/customers/35/contacts [32m204[0m 0.024 ms - 0[0m
[0mOPTIONS /api/customers/35/activity-logs [32m204[0m 0.021 ms - 0[0m
[0mOPTIONS /api/customers/35/documents [32m204[0m 0.016 ms - 0[0m
[0mGET /api/customers/35 [32m200[0m 4.463 ms - 516[0m
[0mGET /api/customers/35/contacts [32m200[0m 4.670 ms - 72[0m
[0mGET /api/customers/35/activity-logs [32m200[0m 4.162 ms - 634[0m
[0mGET /api/customers/35/documents [32m200[0m 4.026 ms - 74[0m
[0mGET /api/customers/35/assignments [36m304[0m 6.000 ms - -[0m
[0mOPTIONS /api/customers [32m204[0m 0.036 ms - 0[0m
[0mGET /api/customers [32m200[0m 3.970 ms - 19661[0m
[0mOPTIONS /api/customers/36 [32m204[0m 0.043 ms - 0[0m
[0mOPTIONS /api/customers/36/assignments [32m204[0m 0.023 ms - 0[0m
[0mGET /api/customers/36 [32m200[0m 3.105 ms - 403[0m
[0mGET /api/customers/36/assignments [32m200[0m 3.619 ms - 87[0m
[0mOPTIONS /api/users [32m204[0m 0.028 ms - 0[0m
[0mGET /api/users [36m304[0m 1.546 ms - -[0m
[0mOPTIONS /api/customers/36 [32m204[0m 0.036 ms - 0[0m
[0mPATCH /api/customers/36 [32m200[0m 7.060 ms - 542[0m
[0mOPTIONS /api/customers/36/assignments [32m204[0m 0.080 ms - 0[0m
[0mOPTIONS /api/customers/36/activity-logs [32m204[0m 0.035 ms - 0[0m
[0mOPTIONS /api/customers/36/contacts [32m204[0m 0.018 ms - 0[0m
[0mOPTIONS /api/customers/36/documents [32m204[0m 0.014 ms - 0[0m
[0mGET /api/customers/36 [32m200[0m 4.822 ms - 539[0m
[0mGET /api/customers/36/activity-logs [32m200[0m 4.759 ms - 744[0m
[0mGET /api/customers/36/contacts [32m200[0m 4.568 ms - 72[0m
[0mGET /api/customers/36/documents [32m200[0m 4.060 ms - 74[0m
[0mGET /api/customers/36/assignments [36m304[0m 6.403 ms - -[0m
[0mOPTIONS /api/customers [32m204[0m 0.036 ms - 0[0m
[0mGET /api/customers [32m200[0m 3.717 ms - 19797[0m
[0mOPTIONS /api/customers/37 [32m204[0m 0.127 ms - 0[0m
[0mOPTIONS /api/customers/37/assignments [32m204[0m 0.030 ms - 0[0m
[0mGET /api/customers/37 [32m200[0m 3.236 ms - 398[0m
[0mGET /api/customers/37/assignments [32m200[0m 4.043 ms - 87[0m
[0mOPTIONS /api/users [32m204[0m 0.028 ms - 0[0m
[0mGET /api/users [36m304[0m 1.443 ms - -[0m
[0mOPTIONS /api/customers/37 [32m204[0m 0.033 ms - 0[0m
[0mPATCH /api/customers/37 [32m200[0m 7.336 ms - 566[0m
[0mOPTIONS /api/customers/37/assignments [32m204[0m 0.032 ms - 0[0m
[0mOPTIONS /api/customers/37/contacts [32m204[0m 0.024 ms - 0[0m
[0mOPTIONS /api/customers/37/documents [32m204[0m 0.018 ms - 0[0m
[0mOPTIONS /api/customers/37/activity-logs [32m204[0m 0.011 ms - 0[0m
[0mGET /api/customers/37 [32m200[0m 4.710 ms - 563[0m
[0mGET /api/customers/37/contacts [32m200[0m 4.984 ms - 72[0m
[0mGET /api/customers/37/assignments [36m304[0m 6.570 ms - -[0m
[0mGET /api/customers/37/documents [32m200[0m 4.564 ms - 74[0m
[0mGET /api/customers/37/activity-logs [32m200[0m 4.376 ms - 734[0m
[0mOPTIONS /api/customers [32m204[0m 0.056 ms - 0[0m
[0mGET /api/customers [32m200[0m 4.014 ms - 19962[0m
[0mOPTIONS /api/customers/38 [32m204[0m 0.056 ms - 0[0m
[0mOPTIONS /api/customers/38/assignments [32m204[0m 0.030 ms - 0[0m
[0mGET /api/customers/38 [32m200[0m 3.133 ms - 354[0m
[0mGET /api/customers/38/assignments [32m200[0m 3.971 ms - 87[0m
[0mOPTIONS /api/users [32m204[0m 0.030 ms - 0[0m
[0mGET /api/users [36m304[0m 1.430 ms - -[0m
[0mOPTIONS /api/customers/38 [32m204[0m 0.045 ms - 0[0m
[0mPATCH /api/customers/38 [32m200[0m 8.041 ms - 558[0m
[0mOPTIONS /api/customers/38/assignments [32m204[0m 0.044 ms - 0[0m
[0mOPTIONS /api/customers/38/activity-logs [32m204[0m 0.020 ms - 0[0m
[0mOPTIONS /api/customers/38/contacts [32m204[0m 0.015 ms - 0[0m
[0mOPTIONS /api/customers/38/documents [32m204[0m 0.019 ms - 0[0m
[0mGET /api/customers/38 [32m200[0m 4.338 ms - 555[0m
[0mGET /api/customers/38/contacts [32m200[0m 3.915 ms - 72[0m
[0mGET /api/customers/38/activity-logs [32m200[0m 4.712 ms - 646[0m
[0mGET /api/customers/38/documents [32m200[0m 3.898 ms - 74[0m
[0mGET /api/customers/38/assignments [36m304[0m 6.165 ms - -[0m
[0mOPTIONS /api/customers [32m204[0m 0.031 ms - 0[0m
[0mGET /api/customers [32m200[0m 3.173 ms - 20163[0m
[0mOPTIONS /api/customers/39 [32m204[0m 0.048 ms - 0[0m
[0mOPTIONS /api/customers/39/assignments [32m204[0m 0.077 ms - 0[0m
[0mGET /api/customers/39 [32m200[0m 2.853 ms - 376[0m
[0mGET /api/customers/39/assignments [32m200[0m 3.473 ms - 87[0m
[0mOPTIONS /api/users [32m204[0m 0.026 ms - 0[0m
[0mGET /api/users [36m304[0m 1.436 ms - -[0m
[0mOPTIONS /api/customers/39 [32m204[0m 0.052 ms - 0[0m
[0mPATCH /api/customers/39 [32m200[0m 8.745 ms - 550[0m
[0mOPTIONS /api/customers/39/assignments [32m204[0m 0.046 ms - 0[0m
[0mOPTIONS /api/customers/39/contacts [32m204[0m 0.030 ms - 0[0m
[0mOPTIONS /api/customers/39/activity-logs [32m204[0m 0.022 ms - 0[0m
[0mOPTIONS /api/customers/39/documents [32m204[0m 0.014 ms - 0[0m
[0mGET /api/customers/39 [32m200[0m 4.896 ms - 547[0m
[0mGET /api/customers/39/contacts [32m200[0m 6.490 ms - 72[0m
[0mGET /api/customers/39/documents [32m200[0m 5.878 ms - 74[0m
[0mGET /api/customers/39/activity-logs [32m200[0m 6.594 ms - 690[0m
[0mGET /api/customers/39/assignments [36m304[0m 8.414 ms - -[0m
[0mOPTIONS /api/customers [32m204[0m 0.032 ms - 0[0m
[0mGET /api/customers [32m200[0m 3.027 ms - 20334[0m
[0mOPTIONS /api/customers/40 [32m204[0m 0.028 ms - 0[0m
[0mOPTIONS /api/customers/40/assignments [32m204[0m 0.020 ms - 0[0m
[0mGET /api/customers/40 [32m200[0m 2.793 ms - 355[0m
[0mGET /api/customers/40/assignments [32m200[0m 3.444 ms - 87[0m
[0mOPTIONS /api/users [32m204[0m 0.023 ms - 0[0m
[0mGET /api/users [36m304[0m 2.070 ms - -[0m
[0mOPTIONS /api/customers/40 [32m204[0m 0.054 ms - 0[0m
[0mPATCH /api/customers/40 [32m200[0m 7.379 ms - 467[0m
[0mOPTIONS /api/customers/40/assignments [32m204[0m 0.049 ms - 0[0m
[0mOPTIONS /api/customers/40/contacts [32m204[0m 0.024 ms - 0[0m
[0mOPTIONS /api/customers/40/activity-logs [32m204[0m 0.121 ms - 0[0m
[0mOPTIONS /api/customers/40/documents [32m204[0m 0.032 ms - 0[0m
[0mGET /api/customers/40 [32m200[0m 5.709 ms - 464[0m
[0mGET /api/customers/40/contacts [32m200[0m 6.515 ms - 72[0m
[0mGET /api/customers/40/activity-logs [32m200[0m 4.663 ms - 648[0m
[0mGET /api/customers/40/documents [32m200[0m 4.290 ms - 74[0m
[0mGET /api/customers/40/assignments [36m304[0m 6.478 ms - -[0m
[0mOPTIONS /api/customers [32m204[0m 0.039 ms - 0[0m
[0mGET /api/customers [32m200[0m 3.881 ms - 20443[0m
[0mOPTIONS /api/customers/41 [32m204[0m 0.037 ms - 0[0m
[0mOPTIONS /api/customers/41/assignments [32m204[0m 0.020 ms - 0[0m
[0mGET /api/customers/41 [32m200[0m 2.801 ms - 378[0m
[0mGET /api/customers/41/assignments [32m200[0m 3.383 ms - 87[0m
[0mOPTIONS /api/users [32m204[0m 0.023 ms - 0[0m
[0mGET /api/users [36m304[0m 1.334 ms - -[0m
[0mOPTIONS /api/customers/41 [32m204[0m 0.044 ms - 0[0m
[0mPATCH /api/customers/41 [32m200[0m 7.912 ms - 497[0m
[0mOPTIONS /api/customers/41/assignments [32m204[0m 0.045 ms - 0[0m
[0mOPTIONS /api/customers/41/contacts [32m204[0m 0.025 ms - 0[0m
[0mOPTIONS /api/customers/41/activity-logs [32m204[0m 0.032 ms - 0[0m
[0mOPTIONS /api/customers/41/documents [32m204[0m 0.016 ms - 0[0m
[0mGET /api/customers/41 [32m200[0m 5.074 ms - 494[0m
[0mGET /api/customers/41/contacts [32m200[0m 5.187 ms - 72[0m
[0mGET /api/customers/41/activity-logs [32m200[0m 5.141 ms - 694[0m
[0mGET /api/customers/41/documents [32m200[0m 4.996 ms - 74[0m
[0mGET /api/customers/41/assignments [36m304[0m 7.179 ms - -[0m
[0mOPTIONS /api/customers [32m204[0m 0.034 ms - 0[0m
[0mGET /api/customers [32m200[0m 3.394 ms - 20559[0m
[0mOPTIONS /api/customers/42 [32m204[0m 0.045 ms - 0[0m
[0mOPTIONS /api/customers/42/assignments [32m204[0m 0.029 ms - 0[0m
[0mGET /api/customers/42 [32m200[0m 2.262 ms - 370[0m
[0mGET /api/customers/42/assignments [32m200[0m 3.003 ms - 87[0m
[0mOPTIONS /api/users [32m204[0m 0.026 ms - 0[0m
[0mGET /api/users [36m304[0m 2.420 ms - -[0m
[0mOPTIONS /api/customers/42 [32m204[0m 0.043 ms - 0[0m
[0mPATCH /api/customers/42 [32m200[0m 6.620 ms - 550[0m
[0mOPTIONS /api/customers/42/assignments [32m204[0m 0.036 ms - 0[0m
[0mOPTIONS /api/customers/42/contacts [32m204[0m 0.023 ms - 0[0m
[0mOPTIONS /api/customers/42/activity-logs [32m204[0m 0.022 ms - 0[0m
[0mOPTIONS /api/customers/42/documents [32m204[0m 0.052 ms - 0[0m
[0mGET /api/customers/42 [32m200[0m 5.874 ms - 547[0m
[0mGET /api/customers/42/contacts [32m200[0m 6.866 ms - 72[0m
[0mGET /api/customers/42/assignments [36m304[0m 7.085 ms - -[0m
[0mGET /api/customers/42/activity-logs [32m200[0m 4.331 ms - 678[0m
[0mGET /api/customers/42/documents [32m200[0m 3.973 ms - 74[0m
[0mOPTIONS /api/dashboard [32m204[0m 0.042 ms - 0[0m
[0mGET /api/dashboard [36m304[0m 7.608 ms - -[0m
[0mOPTIONS /api/monthly-taxes?year=2026&month=07 [32m204[0m 0.041 ms - 0[0m
[0mGET /api/monthly-taxes?year=2026&month=07 [36m304[0m 27.610 ms - -[0m
[0mOPTIONS /api/monthly-taxes/customer/1?year=2026&month=07 [32m204[0m 0.030 ms - 0[0m
[0mGET /api/monthly-taxes/customer/1?year=2026&month=07 [36m304[0m 5.867 ms - -[0m
[0mOPTIONS /api/monthly-taxes?year=2026&month=07 [32m204[0m 0.030 ms - 0[0m
[0mGET /api/monthly-taxes?year=2026&month=07 [36m304[0m 35.529 ms - -[0m
[0mOPTIONS /api/reports [32m204[0m 0.049 ms - 0[0m
[0mGET /api/reports [36m304[0m 10.238 ms - -[0m
[0mOPTIONS /api/dashboard [32m204[0m 0.050 ms - 0[0m
[0mGET /api/dashboard [36m304[0m 11.648 ms - -[0m
[0mOPTIONS /api/customers [32m204[0m 0.033 ms - 0[0m
[0mGET /api/customers [32m200[0m 4.414 ms - 20736[0m
[0mOPTIONS /api/annual-taxes?year=2026 [32m204[0m 0.057 ms - 0[0m
[0mGET /api/annual-taxes?year=2026 [36m304[0m 20.548 ms - -[0m
[0mOPTIONS /api/work [32m204[0m 0.031 ms - 0[0m
[0mGET /api/work [36m304[0m 11.693 ms - -[0m
[0mOPTIONS /api/customers [32m204[0m 0.042 ms - 0[0m
[0mGET /api/customers [36m304[0m 4.337 ms - -[0m
[0mOPTIONS /api/monthly-taxes?year=2026&month=07 [32m204[0m 0.029 ms - 0[0m
[0mGET /api/monthly-taxes?year=2026&month=07 [36m304[0m 25.857 ms - -[0m
[0mOPTIONS /api/monthly-taxes/customer/42?year=2026&month=07 [32m204[0m 0.028 ms - 0[0m
[0mGET /api/monthly-taxes/customer/42?year=2026&month=07 [32m200[0m 5.727 ms - 1349[0m
[0mOPTIONS /api/monthly-taxes?year=2026&month=07 [32m204[0m 0.063 ms - 0[0m
[0mGET /api/monthly-taxes?year=2026&month=07 [36m304[0m 29.486 ms - -[0m
[0mOPTIONS /api/customers [32m204[0m 0.118 ms - 0[0m
[0mGET /api/customers [36m304[0m 9.081 ms - -[0m
[0mOPTIONS /api/dashboard [32m204[0m 0.033 ms - 0[0m
[0mGET /api/dashboard [36m304[0m 7.211 ms - -[0m
[0mOPTIONS /api/customers [32m204[0m 0.041 ms - 0[0m
[0mGET /api/customers [36m304[0m 4.272 ms - -[0m
[0mOPTIONS /api/customers/1 [32m204[0m 0.040 ms - 0[0m
[0mOPTIONS /api/customers/1/assignments [32m204[0m 0.028 ms - 0[0m
[0mGET /api/customers/1 [36m304[0m 4.686 ms - -[0m
[0mGET /api/customers/1/assignments [36m304[0m 5.404 ms - -[0m
[0mOPTIONS /api/users [32m204[0m 0.024 ms - 0[0m
[0mGET /api/users [36m304[0m 2.585 ms - -[0m
[0mOPTIONS /api/customers/1 [32m204[0m 0.036 ms - 0[0m
[0mPATCH /api/customers/1 [32m200[0m 14.148 ms - 462[0m
[0mOPTIONS /api/customers/1/assignments [32m204[0m 0.020 ms - 0[0m
[0mPOST /api/customers/1/assignments [32m201[0m 10.464 ms - 273[0m
[0mPOST /api/customers/1/assignments [32m201[0m 12.635 ms - 290[0m
[0mOPTIONS /api/customers/1/contacts [32m204[0m 0.026 ms - 0[0m
[0mOPTIONS /api/customers/1/activity-logs [32m204[0m 0.016 ms - 0[0m
[0mOPTIONS /api/customers/1/documents [32m204[0m 0.019 ms - 0[0m
[0mGET /api/customers/1 [32m200[0m 5.589 ms - 459[0m
[0mGET /api/customers/1/contacts [36m304[0m 7.226 ms - -[0m
[0mGET /api/customers/1/activity-logs [32m200[0m 7.022 ms - 2274[0m
[0mGET /api/customers/1/assignments [32m200[0m 8.474 ms - 507[0m
[0mGET /api/customers/1/documents [36m304[0m 4.687 ms - -[0m
[0mOPTIONS /api/customers [32m204[0m 0.026 ms - 0[0m
[0mGET /api/customers [32m200[0m 3.827 ms - 20726[0m
[0mOPTIONS /api/customers/1 [32m204[0m 0.034 ms - 0[0m
[0mOPTIONS /api/customers/1/assignments [32m204[0m 0.026 ms - 0[0m
[0mGET /api/customers/1 [36m304[0m 2.773 ms - -[0m
[0mGET /api/customers/1/assignments [36m304[0m 3.636 ms - -[0m
[0mOPTIONS /api/users [32m204[0m 0.028 ms - 0[0m
[0mGET /api/users [36m304[0m 2.042 ms - -[0m
[0mOPTIONS /api/customers/1 [32m204[0m 0.038 ms - 0[0m
[0mPATCH /api/customers/1 [32m200[0m 7.930 ms - 462[0m
[0mOPTIONS /api/customers/1/assignments [32m204[0m 0.021 ms - 0[0m
[0mPOST /api/customers/1/assignments [32m201[0m 6.954 ms - 288[0m
[0mPOST /api/customers/1/assignments [32m201[0m 5.356 ms - 275[0m
[0mOPTIONS /api/customers/1/contacts [32m204[0m 0.034 ms - 0[0m
[0mOPTIONS /api/customers/1/activity-logs [32m204[0m 0.018 ms - 0[0m
[0mOPTIONS /api/customers/1/documents [32m204[0m 0.016 ms - 0[0m
[0mGET /api/customers/1 [32m200[0m 4.544 ms - 459[0m
[0mGET /api/customers/1/contacts [36m304[0m 4.827 ms - -[0m
[0mGET /api/customers/1/documents [36m304[0m 3.475 ms - -[0m
[0mGET /api/customers/1/activity-logs [32m200[0m 4.153 ms - 3016[0m
[0mGET /api/customers/1/assignments [32m200[0m 6.688 ms - 507[0m
[0mOPTIONS /api/customers [32m204[0m 0.032 ms - 0[0m
[0mGET /api/customers [32m200[0m 2.992 ms - 20736[0m
[0mOPTIONS /api/customers/2 [32m204[0m 0.030 ms - 0[0m
[0mOPTIONS /api/customers/2/assignments [32m204[0m 0.017 ms - 0[0m
[0mGET /api/customers/2 [36m304[0m 2.227 ms - -[0m
[0mGET /api/customers/2/assignments [36m304[0m 3.314 ms - -[0m
[0mOPTIONS /api/users [32m204[0m 0.036 ms - 0[0m
[0mGET /api/users [36m304[0m 1.505 ms - -[0m
[0mOPTIONS /api/customers/2 [32m204[0m 0.036 ms - 0[0m
[0mPATCH /api/customers/2 [32m200[0m 6.363 ms - 623[0m
[0mOPTIONS /api/customers/2/assignments [32m204[0m 0.028 ms - 0[0m
[0mPOST /api/customers/2/assignments [32m201[0m 8.079 ms - 288[0m
[0mPOST /api/customers/2/assignments [32m201[0m 5.784 ms - 276[0m
[0mOPTIONS /api/customers/2/contacts [32m204[0m 0.027 ms - 0[0m
[0mOPTIONS /api/customers/2/activity-logs [32m204[0m 0.015 ms - 0[0m
[0mOPTIONS /api/customers/2/documents [32m204[0m 0.018 ms - 0[0m
[0mGET /api/customers/2 [32m200[0m 4.071 ms - 620[0m
[0mGET /api/customers/2/contacts [36m304[0m 5.163 ms - -[0m
[0mGET /api/customers/2/activity-logs [32m200[0m 4.414 ms - 1407[0m
[0mGET /api/customers/2/assignments [32m200[0m 6.615 ms - 508[0m
[0mGET /api/customers/2/documents [36m304[0m 4.246 ms - -[0m
[0mOPTIONS /api/customers [32m204[0m 0.031 ms - 0[0m
[0mGET /api/customers [32m200[0m 2.942 ms - 20893[0m
[0mOPTIONS /api/customers/1 [32m204[0m 0.046 ms - 0[0m
[0mOPTIONS /api/customers/1/assignments [32m204[0m 0.019 ms - 0[0m
[0mGET /api/customers/1 [36m304[0m 3.187 ms - -[0m
[0mGET /api/customers/1/assignments [36m304[0m 3.680 ms - -[0m
[0mOPTIONS /api/users [32m204[0m 0.028 ms - 0[0m
[0mGET /api/users [36m304[0m 1.851 ms - -[0m
[0mOPTIONS /api/customers/1 [32m204[0m 0.046 ms - 0[0m
[0mPATCH /api/customers/1 [32m200[0m 6.640 ms - 462[0m
[0mOPTIONS /api/customers/1/assignments [32m204[0m 0.028 ms - 0[0m
[0mPOST /api/customers/1/assignments [32m201[0m 6.978 ms - 274[0m
[0mPOST /api/customers/1/assignments [32m201[0m 5.085 ms - 290[0m
[0mOPTIONS /api/customers/1/contacts [32m204[0m 0.018 ms - 0[0m
[0mOPTIONS /api/customers/1/activity-logs [32m204[0m 0.015 ms - 0[0m
[0mOPTIONS /api/customers/1/documents [32m204[0m 0.010 ms - 0[0m
[0mGET /api/customers/1 [32m200[0m 5.100 ms - 459[0m
[0mGET /api/customers/1/assignments [32m200[0m 6.883 ms - 712[0m
[0mGET /api/customers/1/activity-logs [32m200[0m 5.440 ms - 3760[0m
[0mGET /api/customers/1/contacts [36m304[0m 6.140 ms - -[0m
[0mGET /api/customers/1/documents [36m304[0m 5.537 ms - -[0m
[0mGET /api/customers/1 [36m304[0m 3.403 ms - -[0m
[0mGET /api/customers/1/assignments [36m304[0m 3.843 ms - -[0m
[0mOPTIONS /api/users [32m204[0m 0.029 ms - 0[0m
[0mGET /api/users [36m304[0m 1.667 ms - -[0m
[0mOPTIONS /api/customers [32m204[0m 0.032 ms - 0[0m
[0mGET /api/customers [32m200[0m 4.692 ms - 20884[0m
[0mOPTIONS /api/customers/2 [32m204[0m 0.033 ms - 0[0m
[0mOPTIONS /api/customers/2/assignments [32m204[0m 0.021 ms - 0[0m
[0mGET /api/customers/2 [36m304[0m 3.181 ms - -[0m
[0mGET /api/customers/2/assignments [36m304[0m 4.027 ms - -[0m
[0mOPTIONS /api/users [32m204[0m 0.026 ms - 0[0m
[0mGET /api/users [36m304[0m 2.144 ms - -[0m
[0mOPTIONS /api/customers/2 [32m204[0m 0.056 ms - 0[0m
[0mPATCH /api/customers/2 [32m200[0m 8.733 ms - 623[0m
[0mOPTIONS /api/customers/2/assignments [32m204[0m 0.022 ms - 0[0m
[0mPOST /api/customers/2/assignments [32m201[0m 6.642 ms - 273[0m
[0mPOST /api/customers/2/assignments [32m201[0m 6.244 ms - 290[0m
[0mOPTIONS /api/customers/2/contacts [32m204[0m 0.018 ms - 0[0m
[0mOPTIONS /api/customers/2/activity-logs [32m204[0m 0.020 ms - 0[0m
[0mOPTIONS /api/customers/2/documents [32m204[0m 0.010 ms - 0[0m
[0mGET /api/customers/2 [32m200[0m 4.715 ms - 620[0m
[0mGET /api/customers/2/contacts [36m304[0m 4.450 ms - -[0m
[0mGET /api/customers/2/assignments [32m200[0m 6.680 ms - 712[0m
[0mGET /api/customers/2/activity-logs [32m200[0m 4.320 ms - 2167[0m
[0mGET /api/customers/2/documents [36m304[0m 4.250 ms - -[0m
[0mOPTIONS /api/customers [32m204[0m 0.030 ms - 0[0m
[0mGET /api/customers [32m200[0m 2.901 ms - 20874[0m
[0mOPTIONS /api/customers/3 [32m204[0m 0.036 ms - 0[0m
[0mOPTIONS /api/customers/3/assignments [32m204[0m 0.027 ms - 0[0m
[0mGET /api/customers/3 [36m304[0m 2.806 ms - -[0m
[0mGET /api/customers/3/assignments [36m304[0m 4.891 ms - -[0m
[0mOPTIONS /api/users [32m204[0m 0.027 ms - 0[0m
[0mGET /api/users [36m304[0m 1.597 ms - -[0m
[0mOPTIONS /api/customers/3 [32m204[0m 0.048 ms - 0[0m
[0mPATCH /api/customers/3 [32m200[0m 7.894 ms - 626[0m
[0mOPTIONS /api/customers/3/assignments [32m204[0m 0.021 ms - 0[0m
[0mPOST /api/customers/3/assignments [32m201[0m 5.947 ms - 273[0m
[0mPOST /api/customers/3/assignments [32m201[0m 5.604 ms - 290[0m
[0mOPTIONS /api/customers/3/contacts [32m204[0m 0.019 ms - 0[0m
[0mOPTIONS /api/customers/3/activity-logs [32m204[0m 0.011 ms - 0[0m
[0mOPTIONS /api/customers/3/documents [32m204[0m 0.016 ms - 0[0m
[0mGET /api/customers/3 [32m200[0m 4.135 ms - 623[0m
[0mGET /api/customers/3/assignments [32m200[0m 7.485 ms - 507[0m
[0mGET /api/customers/3/contacts [36m304[0m 5.771 ms - -[0m
[0mGET /api/customers/3/documents [36m304[0m 5.214 ms - -[0m
[0mGET /api/customers/3/activity-logs [32m200[0m 5.904 ms - 1469[0m
[0mOPTIONS /api/customers [32m204[0m 0.032 ms - 0[0m
[0mGET /api/customers [32m200[0m 3.186 ms - 21021[0m
[0mOPTIONS /api/customers/4 [32m204[0m 0.031 ms - 0[0m
[0mOPTIONS /api/customers/4/assignments [32m204[0m 0.024 ms - 0[0m
[0mGET /api/customers/4 [36m304[0m 2.984 ms - -[0m
[0mGET /api/customers/4/assignments [36m304[0m 3.475 ms - -[0m
[0mOPTIONS /api/users [32m204[0m 0.026 ms - 0[0m
[0mGET /api/users [36m304[0m 1.341 ms - -[0m
[0mOPTIONS /api/customers/4 [32m204[0m 0.029 ms - 0[0m
[0mPATCH /api/customers/4 [32m200[0m 6.348 ms - 521[0m
[0mOPTIONS /api/customers/4/assignments [32m204[0m 0.032 ms - 0[0m
[0mPOST /api/customers/4/assignments [32m201[0m 6.520 ms - 274[0m
[0mPOST /api/customers/4/assignments [32m201[0m 5.228 ms - 291[0m
[0mOPTIONS /api/customers/4/contacts [32m204[0m 0.038 ms - 0[0m
[0mOPTIONS /api/customers/4/activity-logs [32m204[0m 0.024 ms - 0[0m
[0mOPTIONS /api/customers/4/documents [32m204[0m 0.021 ms - 0[0m
[0mGET /api/customers/4 [32m200[0m 5.294 ms - 518[0m
[0mGET /api/customers/4/contacts [36m304[0m 9.255 ms - -[0m
[0mGET /api/customers/4/documents [36m304[0m 7.942 ms - -[0m
[0mGET /api/customers/4/activity-logs [32m200[0m 9.037 ms - 1437[0m
[0mGET /api/customers/4/assignments [32m200[0m 11.925 ms - 509[0m
[0mOPTIONS /api/customers [32m204[0m 0.032 ms - 0[0m
[0mGET /api/customers [32m200[0m 3.309 ms - 21169[0m
[0mOPTIONS /api/customers/5 [32m204[0m 0.059 ms - 0[0m
[0mOPTIONS /api/customers/5/assignments [32m204[0m 0.024 ms - 0[0m
[0mGET /api/customers/5 [36m304[0m 2.277 ms - -[0m
[0mGET /api/customers/5/assignments [36m304[0m 3.363 ms - -[0m
[0mOPTIONS /api/users [32m204[0m 0.030 ms - 0[0m
[0mGET /api/users [36m304[0m 1.961 ms - -[0m
[0mOPTIONS /api/customers/5 [32m204[0m 0.056 ms - 0[0m
[0mPATCH /api/customers/5 [32m200[0m 7.510 ms - 545[0m
[0mOPTIONS /api/customers/5/assignments [32m204[0m 0.021 ms - 0[0m
[0mPOST /api/customers/5/assignments [32m201[0m 6.120 ms - 274[0m
[0mPOST /api/customers/5/assignments [32m201[0m 5.294 ms - 291[0m
[0mOPTIONS /api/customers/5/contacts [32m204[0m 0.057 ms - 0[0m
[0mOPTIONS /api/customers/5/activity-logs [32m204[0m 0.023 ms - 0[0m
[0mOPTIONS /api/customers/5/documents [32m204[0m 0.016 ms - 0[0m
[0mGET /api/customers/5 [32m200[0m 4.325 ms - 542[0m
[0mGET /api/customers/5/contacts [36m304[0m 5.043 ms - -[0m
[0mGET /api/customers/5/activity-logs [32m200[0m 5.274 ms - 1466[0m
[0mGET /api/customers/5/documents [36m304[0m 4.725 ms - -[0m
[0mGET /api/customers/5/assignments [32m200[0m 7.013 ms - 509[0m
[0mOPTIONS /api/customers [32m204[0m 0.029 ms - 0[0m
[0mGET /api/customers [32m200[0m 3.081 ms - 21317[0m
[0mOPTIONS /api/customers/6 [32m204[0m 0.037 ms - 0[0m
[0mOPTIONS /api/customers/6/assignments [32m204[0m 0.020 ms - 0[0m
[0mGET /api/customers/6 [36m304[0m 2.824 ms - -[0m
[0mGET /api/customers/6/assignments [36m304[0m 4.877 ms - -[0m
[0mOPTIONS /api/users [32m204[0m 0.034 ms - 0[0m
[0mGET /api/users [36m304[0m 1.516 ms - -[0m
[0mOPTIONS /api/customers/6 [32m204[0m 0.047 ms - 0[0m
[0mPATCH /api/customers/6 [32m200[0m 6.559 ms - 508[0m
[0mOPTIONS /api/customers/6/assignments [32m204[0m 0.053 ms - 0[0m
[0mPOST /api/customers/6/assignments [32m201[0m 5.988 ms - 274[0m
[0mPOST /api/customers/6/assignments [32m201[0m 5.358 ms - 291[0m
[0mOPTIONS /api/customers/6/contacts [32m204[0m 0.018 ms - 0[0m
[0mOPTIONS /api/customers/6/activity-logs [32m204[0m 0.013 ms - 0[0m
[0mOPTIONS /api/customers/6/documents [32m204[0m 0.016 ms - 0[0m
[0mGET /api/customers/6 [32m200[0m 4.683 ms - 505[0m
[0mGET /api/customers/6/contacts [36m304[0m 3.604 ms - -[0m
[0mGET /api/customers/6/assignments [32m200[0m 6.089 ms - 509[0m
[0mGET /api/customers/6/documents [36m304[0m 3.202 ms - -[0m
[0mGET /api/customers/6/activity-logs [32m200[0m 3.783 ms - 1460[0m
[0mOPTIONS /api/customers [32m204[0m 0.031 ms - 0[0m
[0mGET /api/customers [32m200[0m 3.361 ms - 21465[0m
[0mOPTIONS /api/customers/7 [32m204[0m 0.035 ms - 0[0m
[0mOPTIONS /api/customers/7/assignments [32m204[0m 0.020 ms - 0[0m
[0mGET /api/customers/7 [36m304[0m 2.825 ms - -[0m
[0mGET /api/customers/7/assignments [36m304[0m 3.692 ms - -[0m
[0mOPTIONS /api/users [32m204[0m 0.045 ms - 0[0m
[0mGET /api/users [36m304[0m 1.765 ms - -[0m
[0mOPTIONS /api/customers/7 [32m204[0m 0.033 ms - 0[0m
[0mPATCH /api/customers/7 [32m200[0m 8.314 ms - 463[0m
[0mOPTIONS /api/customers/7/assignments [32m204[0m 0.021 ms - 0[0m
[0mPOST /api/customers/7/assignments [32m201[0m 5.609 ms - 275[0m
[0mPOST /api/customers/7/assignments [32m201[0m 5.774 ms - 291[0m
[0mOPTIONS /api/customers/7/contacts [32m204[0m 0.034 ms - 0[0m
[0mOPTIONS /api/customers/7/activity-logs [32m204[0m 0.020 ms - 0[0m
[0mOPTIONS /api/customers/7/documents [32m204[0m 0.016 ms - 0[0m
[0mGET /api/customers/7 [32m200[0m 5.377 ms - 460[0m
[0mGET /api/customers/7/contacts [36m304[0m 5.270 ms - -[0m
[0mGET /api/customers/7/documents [36m304[0m 4.290 ms - -[0m
[0mGET /api/customers/7/activity-logs [32m200[0m 4.995 ms - 1390[0m
[0mGET /api/customers/7/assignments [32m200[0m 6.914 ms - 510[0m
[0mOPTIONS /api/customers [32m204[0m 0.028 ms - 0[0m
[0mGET /api/customers [32m200[0m 2.753 ms - 21614[0m
[0mOPTIONS /api/customers/8 [32m204[0m 0.029 ms - 0[0m
[0mOPTIONS /api/customers/8/assignments [32m204[0m 0.017 ms - 0[0m
[0mGET /api/customers/8 [36m304[0m 2.780 ms - -[0m
[0mGET /api/customers/8/assignments [36m304[0m 3.481 ms - -[0m
[0mOPTIONS /api/users [32m204[0m 0.036 ms - 0[0m
[0mGET /api/users [36m304[0m 1.661 ms - -[0m
[0mOPTIONS /api/customers/8 [32m204[0m 0.049 ms - 0[0m
[0mPATCH /api/customers/8 [32m200[0m 7.213 ms - 583[0m
[0mOPTIONS /api/customers/8/assignments [32m204[0m 0.020 ms - 0[0m
[0mPOST /api/customers/8/assignments [32m201[0m 6.910 ms - 275[0m
[0mPOST /api/customers/8/assignments [32m201[0m 5.060 ms - 291[0m
[0mOPTIONS /api/customers/8/contacts [32m204[0m 0.022 ms - 0[0m
[0mOPTIONS /api/customers/8/activity-logs [32m204[0m 0.016 ms - 0[0m
[0mOPTIONS /api/customers/8/documents [32m204[0m 0.013 ms - 0[0m
[0mGET /api/customers/8 [32m200[0m 4.446 ms - 580[0m
[0mGET /api/customers/8/contacts [36m304[0m 4.364 ms - -[0m
[0mGET /api/customers/8/assignments [32m200[0m 7.591 ms - 510[0m
[0mGET /api/customers/8/documents [36m304[0m 3.603 ms - -[0m
[0mGET /api/customers/8/activity-logs [32m200[0m 4.372 ms - 1459[0m
[0mOPTIONS /api/customers [32m204[0m 0.039 ms - 0[0m
[0mGET /api/customers [32m200[0m 3.513 ms - 21763[0m
[0mOPTIONS /api/customers/9 [32m204[0m 0.051 ms - 0[0m
[0mOPTIONS /api/customers/9/assignments [32m204[0m 0.040 ms - 0[0m
[0mGET /api/customers/9 [36m304[0m 3.772 ms - -[0m
[0mGET /api/customers/9/assignments [36m304[0m 4.054 ms - -[0m
[0mOPTIONS /api/users [32m204[0m 0.032 ms - 0[0m
[0mGET /api/users [36m304[0m 2.068 ms - -[0m
[0mOPTIONS /api/customers/9 [32m204[0m 0.033 ms - 0[0m
[0mPATCH /api/customers/9 [32m200[0m 6.585 ms - 503[0m
[0mOPTIONS /api/customers/9/assignments [32m204[0m 0.021 ms - 0[0m
[0mPOST /api/customers/9/assignments [32m201[0m 6.678 ms - 275[0m
[0mPOST /api/customers/9/assignments [32m201[0m 5.426 ms - 291[0m
[0mOPTIONS /api/customers/9/contacts [32m204[0m 0.019 ms - 0[0m
[0mOPTIONS /api/customers/9/activity-logs [32m204[0m 0.018 ms - 0[0m
[0mOPTIONS /api/customers/9/documents [32m204[0m 0.038 ms - 0[0m
[0mGET /api/customers/9 [32m200[0m 4.733 ms - 500[0m
[0mGET /api/customers/9/contacts [36m304[0m 5.502 ms - -[0m
[0mGET /api/customers/9/assignments [32m200[0m 7.884 ms - 510[0m
[0mGET /api/customers/9/documents [36m304[0m 4.843 ms - -[0m
[0mGET /api/customers/9/activity-logs [32m200[0m 5.476 ms - 1537[0m
[0mOPTIONS /api/customers [32m204[0m 0.031 ms - 0[0m
[0mGET /api/customers [32m200[0m 3.746 ms - 21912[0m
[0mOPTIONS /api/customers/10 [32m204[0m 0.042 ms - 0[0m
[0mOPTIONS /api/customers/10/assignments [32m204[0m 0.024 ms - 0[0m
[0mGET /api/customers/10 [36m304[0m 2.331 ms - -[0m
[0mGET /api/customers/10/assignments [36m304[0m 3.073 ms - -[0m
[0mOPTIONS /api/users [32m204[0m 0.035 ms - 0[0m
[0mGET /api/users [36m304[0m 2.622 ms - -[0m
[0mOPTIONS /api/customers/10 [32m204[0m 0.055 ms - 0[0m
[0mPATCH /api/customers/10 [32m200[0m 8.007 ms - 514[0m
[0mOPTIONS /api/customers/10/assignments [32m204[0m 0.022 ms - 0[0m
[0mPOST /api/customers/10/assignments [32m201[0m 5.984 ms - 275[0m
[0mPOST /api/customers/10/assignments [32m201[0m 5.278 ms - 292[0m
[0mOPTIONS /api/customers/10/contacts [32m204[0m 0.037 ms - 0[0m
[0mOPTIONS /api/customers/10/activity-logs [32m204[0m 0.020 ms - 0[0m
[0mOPTIONS /api/customers/10/documents [32m204[0m 0.014 ms - 0[0m
[0mGET /api/customers/10 [32m200[0m 4.596 ms - 511[0m
[0mGET /api/customers/10/contacts [36m304[0m 4.703 ms - -[0m
[0mGET /api/customers/10/documents [36m304[0m 3.921 ms - -[0m
[0mGET /api/customers/10/activity-logs [32m200[0m 4.520 ms - 1415[0m
[0mGET /api/customers/10/assignments [32m200[0m 6.639 ms - 511[0m
[0mOPTIONS /api/customers [32m204[0m 0.042 ms - 0[0m
[0mGET /api/customers [32m200[0m 3.712 ms - 22061[0m
[0mOPTIONS /api/customers/11 [32m204[0m 0.046 ms - 0[0m
[0mOPTIONS /api/customers/11/assignments [32m204[0m 0.023 ms - 0[0m
[0mGET /api/customers/11 [36m304[0m 3.103 ms - -[0m
[0mGET /api/customers/11/assignments [36m304[0m 4.811 ms - -[0m
[0mOPTIONS /api/users [32m204[0m 0.029 ms - 0[0m
[0mGET /api/users [36m304[0m 2.002 ms - -[0m
[0mOPTIONS /api/customers/11 [32m204[0m 0.027 ms - 0[0m
[0mPATCH /api/customers/11 [32m200[0m 6.742 ms - 684[0m
[0mOPTIONS /api/customers/11/assignments [32m204[0m 0.032 ms - 0[0m
[0mPOST /api/customers/11/assignments [32m201[0m 6.127 ms - 275[0m
[0mPOST /api/customers/11/assignments [32m201[0m 4.720 ms - 292[0m
[0mOPTIONS /api/customers/11/contacts [32m204[0m 0.039 ms - 0[0m
[0mOPTIONS /api/customers/11/activity-logs [32m204[0m 0.021 ms - 0[0m
[0mOPTIONS /api/customers/11/documents [32m204[0m 0.015 ms - 0[0m
[0mGET /api/customers/11 [32m200[0m 4.765 ms - 681[0m
[0mGET /api/customers/11/contacts [36m304[0m 4.292 ms - -[0m
[0mGET /api/customers/11/documents [36m304[0m 3.416 ms - -[0m
[0mGET /api/customers/11/activity-logs [32m200[0m 3.987 ms - 1466[0m
[0mGET /api/customers/11/assignments [32m200[0m 6.207 ms - 511[0m
[0mOPTIONS /api/customers [32m204[0m 0.030 ms - 0[0m
[0mGET /api/customers [32m200[0m 3.361 ms - 22210[0m
[0mOPTIONS /api/customers/12 [32m204[0m 0.036 ms - 0[0m
[0mOPTIONS /api/customers/12/assignments [32m204[0m 0.028 ms - 0[0m
[0mGET /api/customers/12 [36m304[0m 2.234 ms - -[0m
[0mGET /api/customers/12/assignments [36m304[0m 3.012 ms - -[0m
[0mOPTIONS /api/users [32m204[0m 0.026 ms - 0[0m
[0mGET /api/users [36m304[0m 1.917 ms - -[0m
[0mOPTIONS /api/customers/12 [32m204[0m 0.042 ms - 0[0m
[0mPATCH /api/customers/12 [32m200[0m 8.253 ms - 463[0m
[0mOPTIONS /api/customers/12/assignments [32m204[0m 0.021 ms - 0[0m
[0mPOST /api/customers/12/assignments [32m201[0m 5.713 ms - 275[0m
[0mPOST /api/customers/12/assignments [32m201[0m 6.050 ms - 284[0m
[0mOPTIONS /api/customers/12/contacts [32m204[0m 0.027 ms - 0[0m
[0mOPTIONS /api/customers/12/activity-logs [32m204[0m 0.021 ms - 0[0m
[0mOPTIONS /api/customers/12/documents [32m204[0m 0.014 ms - 0[0m
[0mGET /api/customers/12 [32m200[0m 4.084 ms - 460[0m
[0mGET /api/customers/12/contacts [36m304[0m 4.760 ms - -[0m
[0mGET /api/customers/12/documents [36m304[0m 4.252 ms - -[0m
[0mGET /api/customers/12/activity-logs [32m200[0m 5.040 ms - 1413[0m
[0mGET /api/customers/12/assignments [32m200[0m 7.277 ms - 503[0m
[0mOPTIONS /api/customers [32m204[0m 0.052 ms - 0[0m
[0mGET /api/customers [32m200[0m 4.651 ms - 22359[0m
[0mOPTIONS /api/customers/13 [32m204[0m 0.044 ms - 0[0m
[0mOPTIONS /api/customers/13/assignments [32m204[0m 0.027 ms - 0[0m
[0mGET /api/customers/13 [36m304[0m 2.919 ms - -[0m
[0mGET /api/customers/13/assignments [36m304[0m 3.556 ms - -[0m
[0mOPTIONS /api/users [32m204[0m 0.027 ms - 0[0m
[0mGET /api/users [36m304[0m 1.344 ms - -[0m
[0mOPTIONS /api/customers/13 [32m204[0m 0.031 ms - 0[0m
[0mPATCH /api/customers/13 [32m200[0m 7.674 ms - 572[0m
[0mOPTIONS /api/customers/13/assignments [32m204[0m 0.021 ms - 0[0m
[0mPOST /api/customers/13/assignments [32m201[0m 5.540 ms - 275[0m
[0mPOST /api/customers/13/assignments [32m201[0m 5.553 ms - 292[0m
[0mOPTIONS /api/customers/13/contacts [32m204[0m 0.018 ms - 0[0m
[0mOPTIONS /api/customers/13/activity-logs [32m204[0m 0.011 ms - 0[0m
[0mOPTIONS /api/customers/13/documents [32m204[0m 0.017 ms - 0[0m
[0mGET /api/customers/13 [32m200[0m 4.105 ms - 569[0m
[0mGET /api/customers/13/assignments [32m200[0m 6.247 ms - 511[0m
[0mGET /api/customers/13/contacts [36m304[0m 4.556 ms - -[0m
[0mGET /api/customers/13/documents [36m304[0m 3.934 ms - -[0m
[0mGET /api/customers/13/activity-logs [32m200[0m 4.494 ms - 1553[0m
[0mOPTIONS /api/customers [32m204[0m 0.028 ms - 0[0m
[0mGET /api/customers [32m200[0m 2.889 ms - 22508[0m
[0mOPTIONS /api/customers/14 [32m204[0m 0.051 ms - 0[0m
[0mOPTIONS /api/customers/14/assignments [32m204[0m 0.022 ms - 0[0m
[0mGET /api/customers/14 [36m304[0m 2.816 ms - -[0m
[0mGET /api/customers/14/assignments [36m304[0m 3.460 ms - -[0m
[0mOPTIONS /api/users [32m204[0m 0.043 ms - 0[0m
[0mGET /api/users [36m304[0m 1.945 ms - -[0m
[0mOPTIONS /api/customers/14 [32m204[0m 0.042 ms - 0[0m
[0mPATCH /api/customers/14 [32m200[0m 7.085 ms - 549[0m
[0mOPTIONS /api/customers/14/assignments [32m204[0m 0.028 ms - 0[0m
[0mPOST /api/customers/14/assignments [32m201[0m 6.214 ms - 276[0m
[0mPOST /api/customers/14/assignments [32m201[0m 5.199 ms - 292[0m
[0mOPTIONS /api/customers/14/contacts [32m204[0m 0.019 ms - 0[0m
[0mOPTIONS /api/customers/14/activity-logs [32m204[0m 0.012 ms - 0[0m
[0mOPTIONS /api/customers/14/documents [32m204[0m 0.011 ms - 0[0m
[0mGET /api/customers/14 [32m200[0m 3.779 ms - 546[0m
[0mGET /api/customers/14/contacts [36m304[0m 3.973 ms - -[0m
[0mGET /api/customers/14/assignments [32m200[0m 5.936 ms - 512[0m
[0mGET /api/customers/14/documents [36m304[0m 3.554 ms - -[0m
[0mGET /api/customers/14/activity-logs [32m200[0m 4.147 ms - 1485[0m
[0mOPTIONS /api/customers [32m204[0m 0.033 ms - 0[0m
[0mGET /api/customers [32m200[0m 3.632 ms - 22658[0m
[0mOPTIONS /api/customers/15 [32m204[0m 0.037 ms - 0[0m
[0mOPTIONS /api/customers/15/assignments [32m204[0m 0.019 ms - 0[0m
[0mGET /api/customers/15 [36m304[0m 2.765 ms - -[0m
[0mGET /api/customers/15/assignments [36m304[0m 3.439 ms - -[0m
[0mOPTIONS /api/users [32m204[0m 0.039 ms - 0[0m
[0mGET /api/users [36m304[0m 1.913 ms - -[0m
[0mOPTIONS /api/customers/15 [32m204[0m 0.034 ms - 0[0m
[0mPATCH /api/customers/15 [32m200[0m 6.770 ms - 625[0m
[0mOPTIONS /api/customers/15/assignments [32m204[0m 0.021 ms - 0[0m
[0mPOST /api/customers/15/assignments [32m201[0m 6.323 ms - 276[0m
[0mPOST /api/customers/15/assignments [32m201[0m 4.969 ms - 292[0m
[0mOPTIONS /api/customers/15/contacts [32m204[0m 0.037 ms - 0[0m
[0mOPTIONS /api/customers/15/activity-logs [32m204[0m 0.020 ms - 0[0m
[0mOPTIONS /api/customers/15/documents [32m204[0m 0.020 ms - 0[0m
[0mGET /api/customers/15 [32m200[0m 4.814 ms - 622[0m
[0mGET /api/customers/15/contacts [36m304[0m 5.971 ms - -[0m
[0mGET /api/customers/15/documents [36m304[0m 4.976 ms - -[0m
[0mGET /api/customers/15/activity-logs [32m200[0m 5.703 ms - 1635[0m
[0mGET /api/customers/15/assignments [32m200[0m 8.414 ms - 512[0m
[0mOPTIONS /api/customers [32m204[0m 0.046 ms - 0[0m
[0mGET /api/customers [32m200[0m 4.071 ms - 22808[0m
[0mOPTIONS /api/customers/16 [32m204[0m 0.062 ms - 0[0m
[0mOPTIONS /api/customers/16/assignments [32m204[0m 0.022 ms - 0[0m
[0mGET /api/customers/16 [36m304[0m 2.627 ms - -[0m
[0mGET /api/customers/16/assignments [36m304[0m 3.406 ms - -[0m
[0mOPTIONS /api/users [32m204[0m 0.027 ms - 0[0m
[0mGET /api/users [36m304[0m 1.768 ms - -[0m
[0mOPTIONS /api/customers/16 [32m204[0m 0.043 ms - 0[0m
[0mPATCH /api/customers/16 [32m200[0m 8.119 ms - 545[0m
[0mOPTIONS /api/customers/16/assignments [32m204[0m 0.021 ms - 0[0m
[0mPOST /api/customers/16/assignments [32m201[0m 5.792 ms - 275[0m
[0mPOST /api/customers/16/assignments [32m201[0m 5.521 ms - 292[0m
[0mOPTIONS /api/customers/16/contacts [32m204[0m 0.017 ms - 0[0m
[0mOPTIONS /api/customers/16/activity-logs [32m204[0m 0.011 ms - 0[0m
[0mOPTIONS /api/customers/16/documents [32m204[0m 0.017 ms - 0[0m
[0mGET /api/customers/16 [32m200[0m 4.603 ms - 542[0m
[0mGET /api/customers/16/contacts [36m304[0m 5.445 ms - -[0m
[0mGET /api/customers/16/assignments [32m200[0m 7.816 ms - 511[0m
[0mGET /api/customers/16/documents [36m304[0m 5.126 ms - -[0m
[0mGET /api/customers/16/activity-logs [32m200[0m 5.808 ms - 1427[0m
[0mOPTIONS /api/customers [32m204[0m 0.030 ms - 0[0m
[0mGET /api/customers [32m200[0m 3.060 ms - 22957[0m
[0mOPTIONS /api/customers/17 [32m204[0m 0.036 ms - 0[0m
[0mOPTIONS /api/customers/17/assignments [32m204[0m 0.020 ms - 0[0m
[0mGET /api/customers/17 [36m304[0m 2.622 ms - -[0m
[0mGET /api/customers/17/assignments [36m304[0m 3.132 ms - -[0m
[0mOPTIONS /api/users [32m204[0m 0.094 ms - 0[0m
[0mGET /api/users [36m304[0m 1.874 ms - -[0m
[0mOPTIONS /api/customers/17 [32m204[0m 0.053 ms - 0[0m
[0mPATCH /api/customers/17 [32m200[0m 9.269 ms - 550[0m
[0mOPTIONS /api/customers/17/assignments [32m204[0m 0.022 ms - 0[0m
[0mPOST /api/customers/17/assignments [32m201[0m 6.082 ms - 276[0m
[0mPOST /api/customers/17/assignments [32m201[0m 5.463 ms - 292[0m
[0mOPTIONS /api/customers/17/contacts [32m204[0m 0.018 ms - 0[0m
[0mOPTIONS /api/customers/17/activity-logs [32m204[0m 0.017 ms - 0[0m
[0mOPTIONS /api/customers/17/documents [32m204[0m 0.011 ms - 0[0m
[0mGET /api/customers/17 [32m200[0m 4.656 ms - 547[0m
[0mGET /api/customers/17/contacts [36m304[0m 4.313 ms - -[0m
[0mGET /api/customers/17/assignments [32m200[0m 6.565 ms - 512[0m
[0mGET /api/customers/17/documents [36m304[0m 3.550 ms - -[0m
[0mGET /api/customers/17/activity-logs [32m200[0m 4.221 ms - 1419[0m
[0mOPTIONS /api/customers [32m204[0m 0.028 ms - 0[0m
[0mGET /api/customers [32m200[0m 3.196 ms - 23107[0m
[0mOPTIONS /api/customers/18 [32m204[0m 0.040 ms - 0[0m
[0mOPTIONS /api/customers/18/assignments [32m204[0m 0.023 ms - 0[0m
[0mGET /api/customers/18 [36m304[0m 2.283 ms - -[0m
[0mGET /api/customers/18/assignments [36m304[0m 3.283 ms - -[0m
[0mOPTIONS /api/users [32m204[0m 0.026 ms - 0[0m
[0mGET /api/users [36m304[0m 1.409 ms - -[0m
[0mOPTIONS /api/customers/18 [32m204[0m 0.040 ms - 0[0m
[0mPATCH /api/customers/18 [32m200[0m 6.265 ms - 544[0m
[0mOPTIONS /api/customers/18/assignments [32m204[0m 0.036 ms - 0[0m
[0mPOST /api/customers/18/assignments [32m201[0m 6.476 ms - 276[0m
[0mPOST /api/customers/18/assignments [32m201[0m 4.824 ms - 292[0m
[0mOPTIONS /api/customers/18/contacts [32m204[0m 0.036 ms - 0[0m
[0mOPTIONS /api/customers/18/activity-logs [32m204[0m 0.020 ms - 0[0m
[0mOPTIONS /api/customers/18/documents [32m204[0m 0.014 ms - 0[0m
[0mGET /api/customers/18 [32m200[0m 4.655 ms - 541[0m
[0mGET /api/customers/18/contacts [36m304[0m 4.913 ms - -[0m
[0mGET /api/customers/18/activity-logs [32m200[0m 4.339 ms - 1578[0m
[0mGET /api/customers/18/assignments [32m200[0m 6.523 ms - 512[0m
[0mGET /api/customers/18/documents [36m304[0m 4.092 ms - -[0m
[0mOPTIONS /api/customers [32m204[0m 0.029 ms - 0[0m
[0mGET /api/customers [32m200[0m 3.263 ms - 23257[0m
[0mOPTIONS /api/customers/19 [32m204[0m 0.034 ms - 0[0m
[0mOPTIONS /api/customers/19/assignments [32m204[0m 0.023 ms - 0[0m
[0mGET /api/customers/19 [36m304[0m 2.356 ms - -[0m
[0mGET /api/customers/19/assignments [36m304[0m 2.996 ms - -[0m
[0mOPTIONS /api/users [32m204[0m 0.026 ms - 0[0m
[0mGET /api/users [36m304[0m 1.429 ms - -[0m
[0mOPTIONS /api/customers/19 [32m204[0m 0.044 ms - 0[0m
[0mPATCH /api/customers/19 [32m200[0m 9.777 ms - 540[0m
[0mOPTIONS /api/customers/19/assignments [32m204[0m 0.024 ms - 0[0m
[0mPOST /api/customers/19/assignments [32m201[0m 6.479 ms - 276[0m
[0mPOST /api/customers/19/assignments [32m201[0m 5.745 ms - 292[0m
[0mOPTIONS /api/customers/19/contacts [32m204[0m 0.030 ms - 0[0m
[0mOPTIONS /api/customers/19/activity-logs [32m204[0m 0.017 ms - 0[0m
[0mOPTIONS /api/customers/19/documents [32m204[0m 0.011 ms - 0[0m
[0mGET /api/customers/19 [32m200[0m 3.624 ms - 537[0m
[0mGET /api/customers/19/contacts [36m304[0m 4.545 ms - -[0m
[0mGET /api/customers/19/activity-logs [32m200[0m 4.419 ms - 1404[0m
[0mGET /api/customers/19/documents [36m304[0m 4.487 ms - -[0m
[0mGET /api/customers/19/assignments [32m200[0m 6.919 ms - 512[0m
[0mOPTIONS /api/customers [32m204[0m 0.033 ms - 0[0m
[0mGET /api/customers [32m200[0m 3.405 ms - 23407[0m
[0mOPTIONS /api/customers/20 [32m204[0m 0.030 ms - 0[0m
[0mOPTIONS /api/customers/20/assignments [32m204[0m 0.019 ms - 0[0m
[0mGET /api/customers/20 [36m304[0m 2.096 ms - -[0m
[0mGET /api/customers/20/assignments [36m304[0m 2.837 ms - -[0m
[0mOPTIONS /api/users [32m204[0m 0.047 ms - 0[0m
[0mGET /api/users [36m304[0m 1.735 ms - -[0m
[0mOPTIONS /api/customers/20 [32m204[0m 0.039 ms - 0[0m
[0mPATCH /api/customers/20 [32m200[0m 8.089 ms - 581[0m
[0mOPTIONS /api/customers/20/assignments [32m204[0m 0.022 ms - 0[0m
[0mPOST /api/customers/20/assignments [32m201[0m 5.731 ms - 275[0m
[0mPOST /api/customers/20/assignments [32m201[0m 4.696 ms - 292[0m
[0mOPTIONS /api/customers/20/contacts [32m204[0m 0.017 ms - 0[0m
[0mOPTIONS /api/customers/20/activity-logs [32m204[0m 0.019 ms - 0[0m
[0mOPTIONS /api/customers/20/documents [32m204[0m 0.020 ms - 0[0m
[0mGET /api/customers/20 [32m200[0m 4.016 ms - 578[0m
[0mGET /api/customers/20/contacts [36m304[0m 4.138 ms - -[0m
[0mGET /api/customers/20/assignments [32m200[0m 6.394 ms - 511[0m
[0mGET /api/customers/20/documents [36m304[0m 3.829 ms - -[0m
[0mGET /api/customers/20/activity-logs [32m200[0m 4.379 ms - 1616[0m
[0mOPTIONS /api/customers [32m204[0m 0.029 ms - 0[0m
[0mGET /api/customers [32m200[0m 2.821 ms - 23556[0m
[0mOPTIONS /api/customers/21 [32m204[0m 0.043 ms - 0[0m
[0mOPTIONS /api/customers/21/assignments [32m204[0m 0.062 ms - 0[0m
[0mGET /api/customers/21 [36m304[0m 3.653 ms - -[0m
[0mGET /api/customers/21/assignments [36m304[0m 4.001 ms - -[0m
[0mOPTIONS /api/users [32m204[0m 0.070 ms - 0[0m
[0mGET /api/users [36m304[0m 1.747 ms - -[0m
[0mOPTIONS /api/customers/21 [32m204[0m 0.042 ms - 0[0m
[0mPATCH /api/customers/21 [32m200[0m 8.439 ms - 540[0m
[0mOPTIONS /api/customers/21/assignments [32m204[0m 0.021 ms - 0[0m
[0mPOST /api/customers/21/assignments [32m201[0m 5.782 ms - 275[0m
[0mPOST /api/customers/21/assignments [32m201[0m 6.329 ms - 292[0m
[0mOPTIONS /api/customers/21/contacts [32m204[0m 0.043 ms - 0[0m
[0mOPTIONS /api/customers/21/activity-logs [32m204[0m 0.020 ms - 0[0m
[0mOPTIONS /api/customers/21/documents [32m204[0m 0.017 ms - 0[0m
[0mGET /api/customers/21 [32m200[0m 5.327 ms - 537[0m
[0mGET /api/customers/21/contacts [36m304[0m 5.135 ms - -[0m
[0mGET /api/customers/21/documents [36m304[0m 4.262 ms - -[0m
[0mGET /api/customers/21/activity-logs [32m200[0m 4.943 ms - 1493[0m
[0mGET /api/customers/21/assignments [32m200[0m 7.145 ms - 511[0m
[0mOPTIONS /api/customers [32m204[0m 0.029 ms - 0[0m
[0mGET /api/customers [32m200[0m 3.638 ms - 23705[0m
[0mOPTIONS /api/customers/22 [32m204[0m 0.032 ms - 0[0m
[0mOPTIONS /api/customers/22/assignments [32m204[0m 0.024 ms - 0[0m
[0mGET /api/customers/22 [36m304[0m 2.491 ms - -[0m
[0mGET /api/customers/22/assignments [36m304[0m 3.189 ms - -[0m
[0mOPTIONS /api/users [32m204[0m 0.030 ms - 0[0m
[0mGET /api/users [36m304[0m 1.489 ms - -[0m
[0mOPTIONS /api/customers/22 [32m204[0m 0.103 ms - 0[0m
[0mPATCH /api/customers/22 [32m200[0m 6.610 ms - 474[0m
[0mOPTIONS /api/customers/22/assignments [32m204[0m 0.028 ms - 0[0m
[0mPOST /api/customers/22/assignments [32m201[0m 10.492 ms - 276[0m
[0mPOST /api/customers/22/assignments [32m201[0m 6.950 ms - 292[0m
[0mOPTIONS /api/customers/22/contacts [32m204[0m 0.021 ms - 0[0m
[0mOPTIONS /api/customers/22/activity-logs [32m204[0m 0.017 ms - 0[0m
[0mOPTIONS /api/customers/22/documents [32m204[0m 0.016 ms - 0[0m
[0mGET /api/customers/22 [32m200[0m 5.224 ms - 471[0m
[0mGET /api/customers/22/contacts [36m304[0m 4.996 ms - -[0m
[0mGET /api/customers/22/assignments [32m200[0m 7.725 ms - 512[0m
[0mGET /api/customers/22/documents [36m304[0m 4.712 ms - -[0m
[0mGET /api/customers/22/activity-logs [32m200[0m 5.376 ms - 1344[0m
[0mOPTIONS /api/customers [32m204[0m 0.029 ms - 0[0m
[0mGET /api/customers [32m200[0m 3.385 ms - 23855[0m
[0mOPTIONS /api/customers/23 [32m204[0m 0.030 ms - 0[0m
[0mOPTIONS /api/customers/23/assignments [32m204[0m 0.013 ms - 0[0m
[0mGET /api/customers/23 [36m304[0m 2.056 ms - -[0m
[0mGET /api/customers/23/assignments [36m304[0m 2.740 ms - -[0m
[0mOPTIONS /api/users [32m204[0m 0.024 ms - 0[0m
[0mGET /api/users [36m304[0m 2.205 ms - -[0m
[0mOPTIONS /api/customers/23 [32m204[0m 0.056 ms - 0[0m
[0mPATCH /api/customers/23 [32m200[0m 7.907 ms - 556[0m
[0mOPTIONS /api/customers/23/assignments [32m204[0m 0.021 ms - 0[0m
[0mPOST /api/customers/23/assignments [32m201[0m 6.732 ms - 276[0m
[0mPOST /api/customers/23/assignments [32m201[0m 5.015 ms - 292[0m
[0mOPTIONS /api/customers/23/contacts [32m204[0m 0.018 ms - 0[0m
[0mOPTIONS /api/customers/23/activity-logs [32m204[0m 0.012 ms - 0[0m
[0mOPTIONS /api/customers/23/documents [32m204[0m 0.016 ms - 0[0m
[0mGET /api/customers/23 [32m200[0m 4.370 ms - 553[0m
[0mGET /api/customers/23/assignments [32m200[0m 7.368 ms - 512[0m
[0mGET /api/customers/23/contacts [36m304[0m 5.777 ms - -[0m
[0mGET /api/customers/23/documents [36m304[0m 5.221 ms - -[0m
[0mGET /api/customers/23/activity-logs [32m200[0m 5.840 ms - 1437[0m
[0mOPTIONS /api/customers [32m204[0m 0.031 ms - 0[0m
[0mGET /api/customers [32m200[0m 2.895 ms - 24005[0m
[0mOPTIONS /api/customers/24 [32m204[0m 0.039 ms - 0[0m
[0mOPTIONS /api/customers/24/assignments [32m204[0m 0.027 ms - 0[0m
[0mGET /api/customers/24 [36m304[0m 2.276 ms - -[0m
[0mGET /api/customers/24/assignments [36m304[0m 3.220 ms - -[0m
[0mOPTIONS /api/users [32m204[0m 0.030 ms - 0[0m
[0mGET /api/users [36m304[0m 1.425 ms - -[0m
[0mOPTIONS /api/customers/24 [32m204[0m 0.040 ms - 0[0m
[0mPATCH /api/customers/24 [32m200[0m 7.329 ms - 521[0m
[0mOPTIONS /api/customers/24/assignments [32m204[0m 0.028 ms - 0[0m
[0mPOST /api/customers/24/assignments [32m201[0m 6.081 ms - 276[0m
[0mPOST /api/customers/24/assignments [32m201[0m 4.740 ms - 292[0m
[0mOPTIONS /api/customers/24/contacts [32m204[0m 0.038 ms - 0[0m
[0mOPTIONS /api/customers/24/activity-logs [32m204[0m 0.015 ms - 0[0m
[0mOPTIONS /api/customers/24/documents [32m204[0m 0.022 ms - 0[0m
[0mGET /api/customers/24 [32m200[0m 4.894 ms - 518[0m
[0mGET /api/customers/24/contacts [36m304[0m 5.082 ms - -[0m
[0mGET /api/customers/24/activity-logs [32m200[0m 4.826 ms - 1449[0m
[0mGET /api/customers/24/documents [36m304[0m 5.049 ms - -[0m
[0mGET /api/customers/24/assignments [32m200[0m 7.282 ms - 512[0m
[0mOPTIONS /api/customers [32m204[0m 0.029 ms - 0[0m
[0mGET /api/customers [32m200[0m 2.975 ms - 24155[0m
[0mOPTIONS /api/customers/25 [32m204[0m 0.041 ms - 0[0m
[0mOPTIONS /api/customers/25/assignments [32m204[0m 0.024 ms - 0[0m
[0mGET /api/customers/25 [36m304[0m 4.120 ms - -[0m
[0mGET /api/customers/25/assignments [36m304[0m 4.962 ms - -[0m
[0mOPTIONS /api/users [32m204[0m 0.031 ms - 0[0m
[0mGET /api/users [36m304[0m 2.381 ms - -[0m
[0mOPTIONS /api/customers/25 [32m204[0m 0.056 ms - 0[0m
[0mPATCH /api/customers/25 [32m200[0m 6.497 ms - 624[0m
[0mOPTIONS /api/customers/25/assignments [32m204[0m 0.020 ms - 0[0m
[0mPOST /api/customers/25/assignments [32m201[0m 6.605 ms - 275[0m
[0mPOST /api/customers/25/assignments [32m201[0m 5.298 ms - 292[0m
[0mOPTIONS /api/customers/25/contacts [32m204[0m 0.031 ms - 0[0m
[0mOPTIONS /api/customers/25/activity-logs [32m204[0m 0.015 ms - 0[0m
[0mOPTIONS /api/customers/25/documents [32m204[0m 0.014 ms - 0[0m
[0mGET /api/customers/25 [32m200[0m 3.911 ms - 621[0m
[0mGET /api/customers/25/contacts [36m304[0m 5.629 ms - -[0m
[0mGET /api/customers/25/documents [36m304[0m 4.854 ms - -[0m
[0mGET /api/customers/25/activity-logs [32m200[0m 5.434 ms - 1481[0m
[0mGET /api/customers/25/assignments [32m200[0m 7.453 ms - 511[0m
[0mOPTIONS /api/customers [32m204[0m 0.030 ms - 0[0m
[0mGET /api/customers [32m200[0m 3.410 ms - 24304[0m
[0mOPTIONS /api/customers/26 [32m204[0m 0.035 ms - 0[0m
[0mOPTIONS /api/customers/26/assignments [32m204[0m 0.028 ms - 0[0m
[0mGET /api/customers/26 [36m304[0m 2.336 ms - -[0m
[0mGET /api/customers/26/assignments [36m304[0m 3.305 ms - -[0m
[0mOPTIONS /api/users [32m204[0m 0.025 ms - 0[0m
[0mGET /api/users [36m304[0m 1.358 ms - -[0m
[0mOPTIONS /api/customers/26 [32m204[0m 0.068 ms - 0[0m
[0mPATCH /api/customers/26 [32m200[0m 7.895 ms - 576[0m
[0mOPTIONS /api/customers/26/assignments [32m204[0m 0.020 ms - 0[0m
[0mPOST /api/customers/26/assignments [32m201[0m 6.790 ms - 275[0m
[0mPOST /api/customers/26/assignments [32m201[0m 5.739 ms - 292[0m
[0mOPTIONS /api/customers/26/contacts [32m204[0m 0.028 ms - 0[0m
[0mOPTIONS /api/customers/26/activity-logs [32m204[0m 0.014 ms - 0[0m
[0mOPTIONS /api/customers/26/documents [32m204[0m 0.012 ms - 0[0m
[0mGET /api/customers/26 [32m200[0m 4.170 ms - 573[0m
[0mGET /api/customers/26/contacts [36m304[0m 5.575 ms - -[0m
[0mGET /api/customers/26/documents [36m304[0m 4.806 ms - -[0m
[0mGET /api/customers/26/activity-logs [32m200[0m 5.428 ms - 1688[0m
[0mGET /api/customers/26/assignments [32m200[0m 7.286 ms - 511[0m
[0mOPTIONS /api/customers [32m204[0m 0.036 ms - 0[0m
[0mGET /api/customers [32m200[0m 3.366 ms - 24453[0m
[0mOPTIONS /api/customers/27 [32m204[0m 0.037 ms - 0[0m
[0mOPTIONS /api/customers/27/assignments [32m204[0m 0.026 ms - 0[0m
[0mGET /api/customers/27 [36m304[0m 3.088 ms - -[0m
[0mGET /api/customers/27/assignments [36m304[0m 3.438 ms - -[0m
[0mOPTIONS /api/users [32m204[0m 0.030 ms - 0[0m
[0mGET /api/users [36m304[0m 2.024 ms - -[0m
[0mOPTIONS /api/customers/27 [32m204[0m 0.042 ms - 0[0m
[0mPATCH /api/customers/27 [32m200[0m 6.898 ms - 563[0m
[0mOPTIONS /api/customers/27/assignments [32m204[0m 0.052 ms - 0[0m
[0mPOST /api/customers/27/assignments [32m201[0m 7.417 ms - 276[0m
[0mPOST /api/customers/27/assignments [32m201[0m 5.245 ms - 292[0m
[0mOPTIONS /api/customers/27/contacts [32m204[0m 0.023 ms - 0[0m
[0mOPTIONS /api/customers/27/activity-logs [32m204[0m 0.055 ms - 0[0m
[0mOPTIONS /api/customers/27/documents [32m204[0m 0.019 ms - 0[0m
[0mGET /api/customers/27 [32m200[0m 5.857 ms - 560[0m
[0mGET /api/customers/27/contacts [36m304[0m 5.213 ms - -[0m
[0mGET /api/customers/27/assignments [32m200[0m 7.901 ms - 512[0m
[0mGET /api/customers/27/documents [36m304[0m 4.175 ms - -[0m
[0mGET /api/customers/27/activity-logs [32m200[0m 5.260 ms - 1503[0m
[0mOPTIONS /api/customers [32m204[0m 0.033 ms - 0[0m
[0mGET /api/customers [32m200[0m 3.183 ms - 24603[0m
[0mOPTIONS /api/customers/28 [32m204[0m 0.045 ms - 0[0m
[0mOPTIONS /api/customers/28/assignments [32m204[0m 0.023 ms - 0[0m
[0mGET /api/customers/28 [36m304[0m 3.306 ms - -[0m
[0mGET /api/customers/28/assignments [36m304[0m 3.774 ms - -[0m
[0mOPTIONS /api/users [32m204[0m 0.031 ms - 0[0m
[0mGET /api/users [36m304[0m 1.736 ms - -[0m
[0mOPTIONS /api/customers/28 [32m204[0m 0.044 ms - 0[0m
[0mPATCH /api/customers/28 [32m200[0m 10.396 ms - 573[0m
[0mOPTIONS /api/customers/28/assignments [32m204[0m 0.021 ms - 0[0m
[0mPOST /api/customers/28/assignments [32m201[0m 5.317 ms - 276[0m
[0mPOST /api/customers/28/assignments [32m201[0m 6.007 ms - 292[0m
[0mOPTIONS /api/customers/28/contacts [32m204[0m 0.018 ms - 0[0m
[0mOPTIONS /api/customers/28/activity-logs [32m204[0m 0.018 ms - 0[0m
[0mOPTIONS /api/customers/28/documents [32m204[0m 0.011 ms - 0[0m
[0mGET /api/customers/28 [32m200[0m 3.633 ms - 570[0m
[0mGET /api/customers/28/assignments [32m200[0m 5.456 ms - 512[0m
[0mGET /api/customers/28/contacts [36m304[0m 3.916 ms - -[0m
[0mGET /api/customers/28/activity-logs [32m200[0m 3.758 ms - 1539[0m
[0mGET /api/customers/28/documents [36m304[0m 3.524 ms - -[0m
[0mOPTIONS /api/customers [32m204[0m 0.043 ms - 0[0m
[0mGET /api/customers [32m200[0m 3.632 ms - 24753[0m
[0mOPTIONS /api/customers/29 [32m204[0m 0.037 ms - 0[0m
[0mOPTIONS /api/customers/29/assignments [32m204[0m 0.016 ms - 0[0m
[0mGET /api/customers/29 [36m304[0m 2.645 ms - -[0m
[0mGET /api/customers/29/assignments [36m304[0m 3.015 ms - -[0m
[0mOPTIONS /api/users [32m204[0m 0.041 ms - 0[0m
[0mGET /api/users [36m304[0m 1.545 ms - -[0m
[0mOPTIONS /api/customers/29 [32m204[0m 0.041 ms - 0[0m
[0mPATCH /api/customers/29 [32m200[0m 8.291 ms - 501[0m
[0mOPTIONS /api/customers/29/assignments [32m204[0m 0.023 ms - 0[0m
[0mPOST /api/customers/29/assignments [32m201[0m 5.745 ms - 276[0m
[0mPOST /api/customers/29/assignments [32m201[0m 5.703 ms - 292[0m
[0mOPTIONS /api/customers/29/contacts [32m204[0m 0.036 ms - 0[0m
[0mOPTIONS /api/customers/29/documents [32m204[0m 0.017 ms - 0[0m
[0mOPTIONS /api/customers/29/activity-logs [32m204[0m 0.013 ms - 0[0m
[0mGET /api/customers/29 [32m200[0m 4.360 ms - 498[0m
[0mGET /api/customers/29/contacts [36m304[0m 4.454 ms - -[0m
[0mGET /api/customers/29/assignments [32m200[0m 6.055 ms - 512[0m
[0mGET /api/customers/29/documents [36m304[0m 4.077 ms - -[0m
[0mGET /api/customers/29/activity-logs [32m200[0m 4.065 ms - 1383[0m
[0mOPTIONS /api/customers [32m204[0m 0.047 ms - 0[0m
[0mGET /api/customers [32m200[0m 3.374 ms - 24903[0m
[0mOPTIONS /api/customers/30 [32m204[0m 0.038 ms - 0[0m
[0mOPTIONS /api/customers/30/assignments [32m204[0m 0.023 ms - 0[0m
[0mGET /api/customers/30 [36m304[0m 2.863 ms - -[0m
[0mGET /api/customers/30/assignments [36m304[0m 3.553 ms - -[0m
[0mOPTIONS /api/users [32m204[0m 0.035 ms - 0[0m
[0mGET /api/users [36m304[0m 1.696 ms - -[0m
[0mOPTIONS /api/customers/30 [32m204[0m 0.046 ms - 0[0m
[0mPATCH /api/customers/30 [32m200[0m 8.031 ms - 565[0m
[0mOPTIONS /api/customers/30/assignments [32m204[0m 0.031 ms - 0[0m
[0mPOST /api/customers/30/assignments [32m201[0m 5.662 ms - 276[0m
[0mPOST /api/customers/30/assignments [32m201[0m 5.004 ms - 292[0m
[0mOPTIONS /api/customers/30/contacts [32m204[0m 0.044 ms - 0[0m
[0mOPTIONS /api/customers/30/activity-logs [32m204[0m 0.020 ms - 0[0m
[0mOPTIONS /api/customers/30/documents [32m204[0m 0.020 ms - 0[0m
[0mGET /api/customers/30 [32m200[0m 4.041 ms - 562[0m
[0mGET /api/customers/30/contacts [36m304[0m 4.832 ms - -[0m
[0mGET /api/customers/30/activity-logs [32m200[0m 4.799 ms - 1530[0m
[0mGET /api/customers/30/documents [36m304[0m 4.491 ms - -[0m
[0mGET /api/customers/30/assignments [32m200[0m 6.668 ms - 512[0m
[0mOPTIONS /api/customers [32m204[0m 0.041 ms - 0[0m
[0mGET /api/customers [32m200[0m 3.493 ms - 25053[0m
[0mOPTIONS /api/customers/31 [32m204[0m 0.040 ms - 0[0m
[0mOPTIONS /api/customers/31/assignments [32m204[0m 0.022 ms - 0[0m
[0mGET /api/customers/31 [36m304[0m 4.303 ms - -[0m
[0mGET /api/customers/31/assignments [36m304[0m 5.069 ms - -[0m
[0mOPTIONS /api/users [32m204[0m 0.044 ms - 0[0m
[0mGET /api/users [36m304[0m 1.407 ms - -[0m
[0mOPTIONS /api/customers/31 [32m204[0m 0.043 ms - 0[0m
[0mPATCH /api/customers/31 [32m200[0m 6.763 ms - 533[0m
[0mOPTIONS /api/customers/31/assignments [32m204[0m 0.030 ms - 0[0m
[0mPOST /api/customers/31/assignments [32m201[0m 5.784 ms - 276[0m
[0mPOST /api/customers/31/assignments [32m201[0m 4.995 ms - 292[0m
[0mOPTIONS /api/customers/31/contacts [32m204[0m 0.030 ms - 0[0m
[0mOPTIONS /api/customers/31/activity-logs [32m204[0m 0.012 ms - 0[0m
[0mOPTIONS /api/customers/31/documents [32m204[0m 0.018 ms - 0[0m
[0mGET /api/customers/31 [32m200[0m 5.477 ms - 530[0m
[0mGET /api/customers/31/assignments [32m200[0m 6.861 ms - 512[0m
[0mGET /api/customers/31/contacts [36m304[0m 4.161 ms - -[0m
[0mGET /api/customers/31/activity-logs [32m200[0m 3.942 ms - 1521[0m
[0mGET /api/customers/31/documents [36m304[0m 3.770 ms - -[0m
[0mOPTIONS /api/customers [32m204[0m 0.039 ms - 0[0m
[0mGET /api/customers [32m200[0m 3.675 ms - 25203[0m
[0mOPTIONS /api/customers/32 [32m204[0m 0.038 ms - 0[0m
[0mOPTIONS /api/customers/32/assignments [32m204[0m 0.024 ms - 0[0m
[0mGET /api/customers/32 [36m304[0m 2.144 ms - -[0m
[0mGET /api/customers/32/assignments [36m304[0m 2.990 ms - -[0m
[0mOPTIONS /api/users [32m204[0m 0.033 ms - 0[0m
[0mGET /api/users [36m304[0m 1.553 ms - -[0m
[0mOPTIONS /api/customers/32 [32m204[0m 0.056 ms - 0[0m
[0mPATCH /api/customers/32 [32m200[0m 7.549 ms - 505[0m
[0mOPTIONS /api/customers/32/assignments [32m204[0m 0.022 ms - 0[0m
[0mPOST /api/customers/32/assignments [32m201[0m 5.773 ms - 290[0m
[0mPOST /api/customers/32/assignments [32m201[0m 5.962 ms - 284[0m
[0mOPTIONS /api/customers/32/contacts [32m204[0m 0.017 ms - 0[0m
[0mOPTIONS /api/customers/32/activity-logs [32m204[0m 0.016 ms - 0[0m
[0mOPTIONS /api/customers/32/documents [32m204[0m 0.018 ms - 0[0m
[0mGET /api/customers/32 [32m200[0m 4.096 ms - 502[0m
[0mGET /api/customers/32/contacts [36m304[0m 3.946 ms - -[0m
[0mGET /api/customers/32/assignments [32m200[0m 6.264 ms - 518[0m
[0mGET /api/customers/32/documents [36m304[0m 3.547 ms - -[0m
[0mGET /api/customers/32/activity-logs [32m200[0m 4.113 ms - 1423[0m
[0mOPTIONS /api/customers [32m204[0m 0.031 ms - 0[0m
[0mGET /api/customers [32m200[0m 3.538 ms - 25362[0m
[0mOPTIONS /api/customers/33 [32m204[0m 0.039 ms - 0[0m
[0mOPTIONS /api/customers/33/assignments [32m204[0m 0.019 ms - 0[0m
[0mGET /api/customers/33 [36m304[0m 2.599 ms - -[0m
[0mGET /api/customers/33/assignments [36m304[0m 4.423 ms - -[0m
[0mOPTIONS /api/users [32m204[0m 0.030 ms - 0[0m
[0mGET /api/users [36m304[0m 1.438 ms - -[0m
[0mOPTIONS /api/customers/33 [32m204[0m 0.039 ms - 0[0m
[0mPATCH /api/customers/33 [32m200[0m 9.015 ms - 505[0m
[0mOPTIONS /api/customers/33/assignments [32m204[0m 0.021 ms - 0[0m
[0mPOST /api/customers/33/assignments [32m201[0m 6.006 ms - 276[0m
[0mPOST /api/customers/33/assignments [32m201[0m 5.364 ms - 292[0m
[0mOPTIONS /api/customers/33/contacts [32m204[0m 0.037 ms - 0[0m
[0mOPTIONS /api/customers/33/activity-logs [32m204[0m 0.019 ms - 0[0m
[0mOPTIONS /api/customers/33/documents [32m204[0m 0.014 ms - 0[0m
[0mGET /api/customers/33 [32m200[0m 4.701 ms - 502[0m
[0mGET /api/customers/33/contacts [36m304[0m 4.865 ms - -[0m
[0mGET /api/customers/33/documents [36m304[0m 4.058 ms - -[0m
[0mGET /api/customers/33/activity-logs [32m200[0m 4.763 ms - 1509[0m
[0mGET /api/customers/33/assignments [32m200[0m 6.730 ms - 512[0m
[0mOPTIONS /api/customers [32m204[0m 0.032 ms - 0[0m
[0mGET /api/customers [32m200[0m 2.860 ms - 25512[0m
[0mOPTIONS /api/customers/34 [32m204[0m 0.035 ms - 0[0m
[0mOPTIONS /api/customers/34/assignments [32m204[0m 0.017 ms - 0[0m
[0mGET /api/customers/34 [36m304[0m 2.710 ms - -[0m
[0mGET /api/customers/34/assignments [36m304[0m 3.981 ms - -[0m
[0mOPTIONS /api/users [32m204[0m 0.036 ms - 0[0m
[0mGET /api/users [36m304[0m 2.531 ms - -[0m
[0mOPTIONS /api/customers/34 [32m204[0m 0.045 ms - 0[0m
[0mPATCH /api/customers/34 [32m200[0m 6.304 ms - 530[0m
[0mOPTIONS /api/customers/34/assignments [32m204[0m 0.030 ms - 0[0m
[0mPOST /api/customers/34/assignments [32m201[0m 6.158 ms - 276[0m
[0mPOST /api/customers/34/assignments [32m201[0m 4.780 ms - 292[0m
[0mOPTIONS /api/customers/34/contacts [32m204[0m 0.024 ms - 0[0m
[0mOPTIONS /api/customers/34/activity-logs [32m204[0m 0.018 ms - 0[0m
[0mOPTIONS /api/customers/34/documents [32m204[0m 0.010 ms - 0[0m
[0mGET /api/customers/34 [32m200[0m 4.525 ms - 527[0m
[0mGET /api/customers/34/assignments [32m200[0m 6.130 ms - 512[0m
[0mGET /api/customers/34/contacts [36m304[0m 4.017 ms - -[0m
[0mGET /api/customers/34/activity-logs [32m200[0m 3.943 ms - 1407[0m
[0mGET /api/customers/34/documents [36m304[0m 3.702 ms - -[0m
[0mOPTIONS /api/customers [32m204[0m 0.030 ms - 0[0m
[0mGET /api/customers [32m200[0m 3.241 ms - 25662[0m
[0mOPTIONS /api/customers/35 [32m204[0m 0.055 ms - 0[0m
[0mOPTIONS /api/customers/35/assignments [32m204[0m 0.029 ms - 0[0m
[0mGET /api/customers/35 [36m304[0m 4.103 ms - -[0m
[0mGET /api/customers/35/assignments [36m304[0m 5.158 ms - -[0m
[0mOPTIONS /api/users [32m204[0m 0.030 ms - 0[0m
[0mGET /api/users [36m304[0m 1.373 ms - -[0m
[0mOPTIONS /api/customers/35 [32m204[0m 0.043 ms - 0[0m
[0mPATCH /api/customers/35 [32m200[0m 6.457 ms - 519[0m
[0mOPTIONS /api/customers/35/assignments [32m204[0m 0.026 ms - 0[0m
[0mPOST /api/customers/35/assignments [32m201[0m 5.951 ms - 275[0m
[0mPOST /api/customers/35/assignments [32m201[0m 5.131 ms - 292[0m
[0mOPTIONS /api/customers/35/contacts [32m204[0m 0.056 ms - 0[0m
[0mOPTIONS /api/customers/35/activity-logs [32m204[0m 0.030 ms - 0[0m
[0mOPTIONS /api/customers/35/documents [32m204[0m 0.021 ms - 0[0m
[0mGET /api/customers/35 [32m200[0m 4.869 ms - 516[0m
[0mGET /api/customers/35/contacts [36m304[0m 6.217 ms - -[0m
[0mGET /api/customers/35/activity-logs [32m200[0m 6.106 ms - 1388[0m
[0mGET /api/customers/35/documents [36m304[0m 5.769 ms - -[0m
[0mGET /api/customers/35/assignments [32m200[0m 8.248 ms - 511[0m
[0mOPTIONS /api/customers [32m204[0m 0.037 ms - 0[0m
[0mGET /api/customers [32m200[0m 3.167 ms - 25811[0m
[0mOPTIONS /api/customers/36 [32m204[0m 0.038 ms - 0[0m
[0mOPTIONS /api/customers/36/assignments [32m204[0m 0.042 ms - 0[0m
[0mGET /api/customers/36 [36m304[0m 3.254 ms - -[0m
[0mGET /api/customers/36/assignments [36m304[0m 3.499 ms - -[0m
[0mOPTIONS /api/users [32m204[0m 0.027 ms - 0[0m
[0mGET /api/users [36m304[0m 1.656 ms - -[0m
[0mOPTIONS /api/customers/36 [32m204[0m 0.054 ms - 0[0m
[0mPATCH /api/customers/36 [32m200[0m 8.116 ms - 542[0m
[0mOPTIONS /api/customers/36/assignments [32m204[0m 0.023 ms - 0[0m
[0mPOST /api/customers/36/assignments [32m201[0m 6.761 ms - 275[0m
[0mPOST /api/customers/36/assignments [32m201[0m 4.811 ms - 292[0m
[0mOPTIONS /api/customers/36/contacts [32m204[0m 0.018 ms - 0[0m
[0mOPTIONS /api/customers/36/activity-logs [32m204[0m 0.019 ms - 0[0m
[0mOPTIONS /api/customers/36/documents [32m204[0m 0.011 ms - 0[0m
[0mGET /api/customers/36 [32m200[0m 4.575 ms - 539[0m
[0mGET /api/customers/36/contacts [36m304[0m 4.071 ms - -[0m
[0mGET /api/customers/36/assignments [32m200[0m 6.459 ms - 511[0m
[0mGET /api/customers/36/documents [36m304[0m 3.516 ms - -[0m
[0mGET /api/customers/36/activity-logs [32m200[0m 4.257 ms - 1553[0m
[0mOPTIONS /api/customers [32m204[0m 0.032 ms - 0[0m
[0mGET /api/customers [32m200[0m 3.161 ms - 25960[0m
[0mOPTIONS /api/customers/37 [32m204[0m 0.051 ms - 0[0m
[0mOPTIONS /api/customers/37/assignments [32m204[0m 0.026 ms - 0[0m
[0mGET /api/customers/37 [36m304[0m 3.731 ms - -[0m
[0mGET /api/customers/37/assignments [36m304[0m 4.128 ms - -[0m
[0mOPTIONS /api/users [32m204[0m 0.032 ms - 0[0m
[0mGET /api/users [36m304[0m 1.589 ms - -[0m
[0mOPTIONS /api/customers/37 [32m204[0m 0.053 ms - 0[0m
[0mPATCH /api/customers/37 [32m200[0m 7.314 ms - 566[0m
[0mOPTIONS /api/customers/37/assignments [32m204[0m 0.029 ms - 0[0m
[0mPOST /api/customers/37/assignments [32m201[0m 5.840 ms - 275[0m
[0mPOST /api/customers/37/assignments [32m201[0m 5.285 ms - 292[0m
[0mOPTIONS /api/customers/37/contacts [32m204[0m 0.035 ms - 0[0m
[0mOPTIONS /api/customers/37/activity-logs [32m204[0m 0.018 ms - 0[0m
[0mOPTIONS /api/customers/37/documents [32m204[0m 0.016 ms - 0[0m
[0mGET /api/customers/37 [32m200[0m 4.281 ms - 563[0m
[0mGET /api/customers/37/contacts [36m304[0m 5.859 ms - -[0m
[0mGET /api/customers/37/assignments [32m200[0m 7.229 ms - 511[0m
[0mGET /api/customers/37/documents [36m304[0m 4.971 ms - -[0m
[0mGET /api/customers/37/activity-logs [32m200[0m 5.643 ms - 1538[0m
[0mOPTIONS /api/customers [32m204[0m 0.033 ms - 0[0m
[0mGET /api/customers [32m200[0m 3.282 ms - 26109[0m
[0mOPTIONS /api/customers/38 [32m204[0m 0.042 ms - 0[0m
[0mOPTIONS /api/customers/38/assignments [32m204[0m 0.040 ms - 0[0m
[0mGET /api/customers/38 [36m304[0m 3.183 ms - -[0m
[0mGET /api/customers/38/assignments [36m304[0m 3.341 ms - -[0m
[0mOPTIONS /api/users [32m204[0m 0.029 ms - 0[0m
[0mGET /api/users [36m304[0m 1.420 ms - -[0m
[0mOPTIONS /api/customers/38 [32m204[0m 0.048 ms - 0[0m
[0mPATCH /api/customers/38 [32m200[0m 6.175 ms - 558[0m
[0mOPTIONS /api/customers/38/assignments [32m204[0m 0.042 ms - 0[0m
[0mPOST /api/customers/38/assignments [32m201[0m 6.931 ms - 275[0m
[0mPOST /api/customers/38/assignments [32m201[0m 5.037 ms - 292[0m
[0mOPTIONS /api/customers/38/contacts [32m204[0m 0.018 ms - 0[0m
[0mOPTIONS /api/customers/38/activity-logs [32m204[0m 0.016 ms - 0[0m
[0mOPTIONS /api/customers/38/documents [32m204[0m 0.009 ms - 0[0m
[0mGET /api/customers/38 [32m200[0m 4.542 ms - 555[0m
[0mGET /api/customers/38/contacts [36m304[0m 3.895 ms - -[0m
[0mGET /api/customers/38/assignments [32m200[0m 5.707 ms - 511[0m
[0mGET /api/customers/38/documents [36m304[0m 2.848 ms - -[0m
[0mGET /api/customers/38/activity-logs [32m200[0m 3.397 ms - 1406[0m
[0mOPTIONS /api/customers [32m204[0m 0.041 ms - 0[0m
[0mGET /api/customers [32m200[0m 4.149 ms - 26258[0m
[0mOPTIONS /api/customers/39 [32m204[0m 0.040 ms - 0[0m
[0mOPTIONS /api/customers/39/assignments [32m204[0m 0.030 ms - 0[0m
[0mGET /api/customers/39 [36m304[0m 3.027 ms - -[0m
[0mGET /api/customers/39/assignments [36m304[0m 3.708 ms - -[0m
[0mOPTIONS /api/users [32m204[0m 0.034 ms - 0[0m
[0mGET /api/users [36m304[0m 2.501 ms - -[0m
[0mOPTIONS /api/customers/39 [32m204[0m 0.045 ms - 0[0m
[0mPATCH /api/customers/39 [32m200[0m 6.967 ms - 550[0m
[0mOPTIONS /api/customers/39/assignments [32m204[0m 0.063 ms - 0[0m
[0mPOST /api/customers/39/assignments [32m201[0m 8.277 ms - 275[0m
[0mPOST /api/customers/39/assignments [32m201[0m 5.532 ms - 292[0m
[0mOPTIONS /api/customers/39/contacts [32m204[0m 0.020 ms - 0[0m
[0mOPTIONS /api/customers/39/activity-logs [32m204[0m 0.012 ms - 0[0m
[0mOPTIONS /api/customers/39/documents [32m204[0m 0.008 ms - 0[0m
[0mGET /api/customers/39 [32m200[0m 4.085 ms - 547[0m
[0mGET /api/customers/39/contacts [36m304[0m 3.871 ms - -[0m
[0mGET /api/customers/39/assignments [32m200[0m 6.292 ms - 511[0m
[0mGET /api/customers/39/documents [36m304[0m 3.542 ms - -[0m
[0mGET /api/customers/39/activity-logs [32m200[0m 4.053 ms - 1472[0m
[0mOPTIONS /api/customers [32m204[0m 0.029 ms - 0[0m
[0mGET /api/customers [32m200[0m 3.830 ms - 26407[0m
[0mOPTIONS /api/customers/40 [32m204[0m 0.043 ms - 0[0m
[0mOPTIONS /api/customers/40/assignments [32m204[0m 0.022 ms - 0[0m
[0mGET /api/customers/40 [36m304[0m 2.611 ms - -[0m
[0mGET /api/customers/40/assignments [36m304[0m 3.376 ms - -[0m
[0mOPTIONS /api/users [32m204[0m 0.028 ms - 0[0m
[0mGET /api/users [36m304[0m 1.845 ms - -[0m
[0mOPTIONS /api/customers/40 [32m204[0m 0.043 ms - 0[0m
[0mPATCH /api/customers/40 [32m200[0m 7.138 ms - 467[0m
[0mOPTIONS /api/customers/40/assignments [32m204[0m 0.021 ms - 0[0m
[0mPOST /api/customers/40/assignments [32m201[0m 5.738 ms - 275[0m
[0mPOST /api/customers/40/assignments [32m201[0m 6.407 ms - 292[0m
[0mOPTIONS /api/customers/40/contacts [32m204[0m 0.016 ms - 0[0m
[0mOPTIONS /api/customers/40/activity-logs [32m204[0m 0.012 ms - 0[0m
[0mOPTIONS /api/customers/40/documents [32m204[0m 0.014 ms - 0[0m
[0mGET /api/customers/40 [32m200[0m 3.999 ms - 464[0m
[0mGET /api/customers/40/assignments [32m200[0m 5.942 ms - 511[0m
[0mGET /api/customers/40/activity-logs [32m200[0m 3.763 ms - 1409[0m
[0mGET /api/customers/40/contacts [36m304[0m 4.485 ms - -[0m
[0mGET /api/customers/40/documents [36m304[0m 3.800 ms - -[0m
[0mOPTIONS /api/customers [32m204[0m 0.032 ms - 0[0m
[0mGET /api/customers [32m200[0m 3.580 ms - 26556[0m
[0mOPTIONS /api/customers/41 [32m204[0m 0.033 ms - 0[0m
[0mOPTIONS /api/customers/41/assignments [32m204[0m 0.024 ms - 0[0m
[0mGET /api/customers/41 [36m304[0m 2.242 ms - -[0m
[0mGET /api/customers/41/assignments [36m304[0m 2.914 ms - -[0m
[0mOPTIONS /api/users [32m204[0m 0.024 ms - 0[0m
[0mGET /api/users [36m304[0m 1.299 ms - -[0m
[0mOPTIONS /api/customers/41 [32m204[0m 0.053 ms - 0[0m
[0mPATCH /api/customers/41 [32m200[0m 6.760 ms - 497[0m
[0mOPTIONS /api/customers/41/assignments [32m204[0m 0.021 ms - 0[0m
[0mPOST /api/customers/41/assignments [32m201[0m 6.724 ms - 275[0m
[0mPOST /api/customers/41/assignments [32m201[0m 4.991 ms - 292[0m
[0mOPTIONS /api/customers/41/contacts [32m204[0m 0.034 ms - 0[0m
[0mOPTIONS /api/customers/41/activity-logs [32m204[0m 0.019 ms - 0[0m
[0mOPTIONS /api/customers/41/documents [32m204[0m 0.013 ms - 0[0m
[0mGET /api/customers/41 [32m200[0m 4.600 ms - 494[0m
[0mGET /api/customers/41/contacts [36m304[0m 5.835 ms - -[0m
[0mGET /api/customers/41/activity-logs [32m200[0m 5.428 ms - 1478[0m
[0mGET /api/customers/41/documents [36m304[0m 5.205 ms - -[0m
[0mGET /api/customers/41/assignments [32m200[0m 7.676 ms - 511[0m
[0mOPTIONS /api/customers [32m204[0m 0.035 ms - 0[0m
[0mGET /api/customers [32m200[0m 3.438 ms - 26705[0m
[0mOPTIONS /api/customers/42 [32m204[0m 0.033 ms - 0[0m
[0mOPTIONS /api/customers/42/assignments [32m204[0m 0.020 ms - 0[0m
[0mGET /api/customers/42 [36m304[0m 2.108 ms - -[0m
[0mGET /api/customers/42/assignments [36m304[0m 2.719 ms - -[0m
[0mOPTIONS /api/users [32m204[0m 0.024 ms - 0[0m
[0mGET /api/users [36m304[0m 1.312 ms - -[0m
[0mOPTIONS /api/customers/42 [32m204[0m 0.033 ms - 0[0m
[0mPATCH /api/customers/42 [32m200[0m 5.406 ms - 550[0m
[0mOPTIONS /api/customers/42/assignments [32m204[0m 0.030 ms - 0[0m
[0mPOST /api/customers/42/assignments [32m201[0m 5.810 ms - 276[0m
[0mPOST /api/customers/42/assignments [32m201[0m 5.112 ms - 292[0m
[0mOPTIONS /api/customers/42/contacts [32m204[0m 0.032 ms - 0[0m
[0mOPTIONS /api/customers/42/activity-logs [32m204[0m 0.027 ms - 0[0m
[0mOPTIONS /api/customers/42/documents [32m204[0m 0.021 ms - 0[0m
[0mGET /api/customers/42 [32m200[0m 5.468 ms - 547[0m
[0mGET /api/customers/42/contacts [36m304[0m 6.022 ms - -[0m
[0mGET /api/customers/42/activity-logs [32m200[0m 5.553 ms - 1455[0m
[0mGET /api/customers/42/documents [36m304[0m 5.249 ms - -[0m
[0mGET /api/customers/42/assignments [32m200[0m 7.757 ms - 512[0m
[0mOPTIONS /api/customers [32m204[0m 0.030 ms - 0[0m
[0mGET /api/customers [32m200[0m 3.332 ms - 26855[0m
[0mOPTIONS /api/dashboard [32m204[0m 0.029 ms - 0[0m
[0mGET /api/dashboard [32m200[0m 5.377 ms - 21835[0m
[0mOPTIONS /api/monthly-taxes?year=2026&month=07 [32m204[0m 0.046 ms - 0[0m
[0mGET /api/monthly-taxes?year=2026&month=07 [32m200[0m 30.481 ms - 19108[0m
[0mOPTIONS /api/monthly-taxes?year=2026&month=09 [32m204[0m 0.076 ms - 0[0m
[0mGET /api/monthly-taxes?year=2026&month=09 [32m200[0m 25.900 ms - 19108[0m
[0mOPTIONS /api/monthly-taxes?year=2026&month=07 [32m204[0m 0.049 ms - 0[0m
[0mGET /api/monthly-taxes?year=2026&month=07 [36m304[0m 23.908 ms - -[0m
[0mOPTIONS /api/monthly-taxes/customer/1?year=2026&month=07 [32m204[0m 0.039 ms - 0[0m
[0mGET /api/monthly-taxes/customer/1?year=2026&month=07 [32m200[0m 6.723 ms - 1345[0m
[0mOPTIONS /api/annual-taxes?year=2026 [32m204[0m 0.054 ms - 0[0m
[0mGET /api/annual-taxes?year=2026 [32m200[0m 19.253 ms - 15611[0m
[0mOPTIONS /api/work [32m204[0m 0.036 ms - 0[0m
[0mGET /api/work [32m200[0m 10.994 ms - 17275[0m
[0mOPTIONS /api/monthly-taxes?year=2026&month=07 [32m204[0m 0.033 ms - 0[0m
[0mGET /api/monthly-taxes?year=2026&month=07 [36m304[0m 24.519 ms - -[0m
[0mOPTIONS /api/customers [32m204[0m 0.049 ms - 0[0m
[0mGET /api/customers [36m304[0m 3.927 ms - -[0m
[0mGET /api/monthly-taxes?year=2026&month=07 [36m304[0m 26.529 ms - -[0m
[0mOPTIONS /api/monthly-taxes/customer/1?year=2026&month=07 [32m204[0m 0.077 ms - 0[0m
[0mGET /api/monthly-taxes/customer/1?year=2026&month=07 [36m304[0m 7.693 ms - -[0m
[0mOPTIONS /api/monthly-taxes/customer/1?year=2026&month=07 [32m204[0m 0.043 ms - 0[0m
[0mPATCH /api/monthly-taxes/customer/1?year=2026&month=07 [32m200[0m 23.209 ms - 1151[0m
[0mOPTIONS /api/monthly-taxes?year=2026&month=07 [32m204[0m 0.033 ms - 0[0m
[0mGET /api/monthly-taxes?year=2026&month=07 [32m200[0m 24.248 ms - 19109[0m
[0mGET /api/monthly-taxes/customer/1?year=2026&month=07 [32m200[0m 5.304 ms - 1346[0m
[0mOPTIONS /api/monthly-taxes/customer/1?year=2026&month=07 [32m204[0m 0.057 ms - 0[0m
[0mPATCH /api/monthly-taxes/customer/1?year=2026&month=07 [32m200[0m 17.022 ms - 1150[0m
[0mOPTIONS /api/monthly-taxes?year=2026&month=07 [32m204[0m 0.033 ms - 0[0m
[0mGET /api/monthly-taxes?year=2026&month=07 [32m200[0m 27.822 ms - 19108[0m
Terminate batch job (Y/N)? 
> Accounting-Tracker-Api@1.0.0 start
> tsx src/server.js

Server running at http://localhost:8000
Terminate batch job (Y/N)? 
> Accounting-Tracker-Api@1.0.0 start
> tsx src/server.js

Server running at http://localhost:8000
Terminate batch job (Y/N)? 
> Accounting-Tracker-Api@1.0.0 start
> tsx src/server.js

Server running at http://localhost:8000
[0mOPTIONS /api/auth/login [32m204[0m 1.883 ms - 0[0m
[0mPOST /api/auth/login [32m200[0m 239.510 ms - 345[0m
[0mOPTIONS /api/dashboard [32m204[0m 0.249 ms - 0[0m
[0mGET /api/dashboard [32m200[0m 54.040 ms - 12196[0m
[0mOPTIONS /api/customers [32m204[0m 0.151 ms - 0[0m
[0mGET /api/customers [32m200[0m 9.015 ms - 26855[0m
[0mOPTIONS /api/dashboard [32m204[0m 0.206 ms - 0[0m
[0mGET /api/dashboard [36m304[0m 11.374 ms - -[0m
Terminate batch job (Y/N)? 
> Accounting-Tracker-Api@1.0.0 start
> tsx src/server.js

Server running at http://localhost:8000
Terminate batch job (Y/N)? 
> Accounting-Tracker-Api@1.0.0 start
> tsx src/server.js

Server running at http://localhost:8000
Terminate batch job (Y/N)? 
> Accounting-Tracker-Api@1.0.0 start
> tsx src/server.js

Server running at http://localhost:8000
[0mOPTIONS /api/dashboard [32m204[0m 1.639 ms - 0[0m
Token expired
[0mGET /api/dashboard [33m401[0m 5.842 ms - 43[0m
[0mOPTIONS /api/customers [32m204[0m 0.157 ms - 0[0m
Token expired
[0mGET /api/customers [33m401[0m 1.113 ms - 43[0m
[0mOPTIONS /api/monthly-taxes?year=2026&month=08 [32m204[0m 0.117 ms - 0[0m
Token expired
[0mGET /api/monthly-taxes?year=2026&month=08 [33m401[0m 0.657 ms - 43[0m
Token expired
[0mGET /api/monthly-taxes?year=2026&month=08 [33m401[0m 0.600 ms - 43[0m
Token expired
[0mGET /api/monthly-taxes?year=2026&month=08 [33m401[0m 0.603 ms - 43[0m
[0mOPTIONS /api/monthly-taxes?year=2026&month=08 [32m204[0m 0.074 ms - 0[0m
Token expired
[0mGET /api/monthly-taxes?year=2026&month=08 [33m401[0m 0.539 ms - 43[0m
[0mOPTIONS /api/customers [32m204[0m 0.090 ms - 0[0m
Token expired
[0mGET /api/customers [33m401[0m 0.624 ms - 43[0m
[0mOPTIONS /api/dashboard [32m204[0m 0.106 ms - 0[0m
Token expired
[0mGET /api/dashboard [33m401[0m 0.547 ms - 43[0m
Token expired
[0mGET /api/dashboard [33m401[0m 0.689 ms - 43[0m
[0mOPTIONS /api/dashboard [32m204[0m 0.085 ms - 0[0m
Token expired
[0mGET /api/dashboard [33m401[0m 0.611 ms - 43[0m
[0mOPTIONS /api/auth/login [32m204[0m 0.071 ms - 0[0m
[0mPOST /api/auth/login [32m200[0m 212.142 ms - 366[0m
[0mOPTIONS /api/dashboard [32m204[0m 0.106 ms - 0[0m
[0mGET /api/dashboard [32m200[0m 53.240 ms - 21058[0m
[0mOPTIONS /api/customers [32m204[0m 0.060 ms - 0[0m
[0mGET /api/customers [36m304[0m 8.973 ms - -[0m
[0mOPTIONS /api/annual-taxes?year=2026 [32m204[0m 0.041 ms - 0[0m
[0mGET /api/annual-taxes?year=2026 [36m304[0m 49.992 ms - -[0m
[0mOPTIONS /api/monthly-taxes?year=2026&month=08 [32m204[0m 0.049 ms - 0[0m
[0mGET /api/monthly-taxes?year=2026&month=08 [32m200[0m 45.448 ms - 19108[0m
[0mOPTIONS /api/monthly-taxes?year=2026&month=07 [32m204[0m 0.103 ms - 0[0m
[0mGET /api/monthly-taxes?year=2026&month=07 [36m304[0m 33.530 ms - -[0m
[0mOPTIONS /api/annual-taxes?year=2026 [32m204[0m 0.055 ms - 0[0m
[0mGET /api/annual-taxes?year=2026 [36m304[0m 21.297 ms - -[0m
[0mOPTIONS /api/work [32m204[0m 0.060 ms - 0[0m
[0mGET /api/work [36m304[0m 14.623 ms - -[0m
[0mOPTIONS /api/reports [32m204[0m 0.061 ms - 0[0m
[0mGET /api/reports [32m200[0m 19.109 ms - 13020[0m
[0mOPTIONS /api/customers [32m204[0m 0.055 ms - 0[0m
[0mGET /api/customers [36m304[0m 5.609 ms - -[0m
[0mOPTIONS /api/dashboard [32m204[0m 0.078 ms - 0[0m
[0mGET /api/dashboard [32m200[0m 8.983 ms - 21695[0m
[0mOPTIONS /api/customers [32m204[0m 0.095 ms - 0[0m
[0mGET /api/customers [36m304[0m 5.409 ms - -[0m
[0mOPTIONS /api/monthly-taxes?year=2026&month=08 [32m204[0m 0.052 ms - 0[0m
[0mGET /api/monthly-taxes?year=2026&month=08 [36m304[0m 28.987 ms - -[0m
[0mOPTIONS /api/monthly-taxes?year=2026&month=07 [32m204[0m 0.080 ms - 0[0m
[0mGET /api/monthly-taxes?year=2026&month=07 [36m304[0m 30.752 ms - -[0m
[0mOPTIONS /api/customers [32m204[0m 0.069 ms - 0[0m
[0mGET /api/customers [36m304[0m 4.985 ms - -[0m
[0mOPTIONS /api/dashboard [32m204[0m 0.065 ms - 0[0m
[0mGET /api/dashboard [36m304[0m 7.963 ms - -[0m
[0mOPTIONS /api/customers [32m204[0m 0.093 ms - 0[0m
[0mGET /api/customers [36m304[0m 4.292 ms - -[0m
[0mOPTIONS /api/monthly-taxes?year=2026&month=08 [32m204[0m 0.060 ms - 0[0m
[0mGET /api/monthly-taxes?year=2026&month=08 [36m304[0m 33.912 ms - -[0m
[0mOPTIONS /api/monthly-taxes?year=2026&month=07 [32m204[0m 0.082 ms - 0[0m
[0mGET /api/monthly-taxes?year=2026&month=07 [36m304[0m 27.200 ms - -[0m
[0mOPTIONS /api/annual-taxes?year=2026 [32m204[0m 0.104 ms - 0[0m
[0mGET /api/annual-taxes?year=2026 [36m304[0m 21.799 ms - -[0m
[0mOPTIONS /api/monthly-taxes?year=2026&month=08 [32m204[0m 0.042 ms - 0[0m
[0mGET /api/monthly-taxes?year=2026&month=08 [36m304[0m 27.883 ms - -[0m
[0mOPTIONS /api/customers [32m204[0m 0.040 ms - 0[0m
[0mGET /api/customers [36m304[0m 4.344 ms - -[0m
[0mOPTIONS /api/dashboard [32m204[0m 0.072 ms - 0[0m
[0mGET /api/dashboard [36m304[0m 8.418 ms - -[0m
[0mOPTIONS /api/customers [32m204[0m 0.044 ms - 0[0m
[0mGET /api/customers [36m304[0m 5.204 ms - -[0m
[0mOPTIONS /api/monthly-taxes?year=2026&month=08 [32m204[0m 0.060 ms - 0[0m
[0mGET /api/monthly-taxes?year=2026&month=08 [36m304[0m 29.892 ms - -[0m
[0mOPTIONS /api/customers [32m204[0m 0.061 ms - 0[0m
[0mGET /api/customers [36m304[0m 4.232 ms - -[0m
[0mOPTIONS /api/dashboard [32m204[0m 0.056 ms - 0[0m
[0mGET /api/dashboard [36m304[0m 8.354 ms - -[0m
[0mOPTIONS /api/monthly-taxes?year=2026&month=08 [32m204[0m 0.186 ms - 0[0m
[0mGET /api/monthly-taxes?year=2026&month=08 [36m304[0m 31.787 ms - -[0m
[0mOPTIONS /api/monthly-taxes/customer/1?year=2026&month=08 [32m204[0m 0.039 ms - 0[0m
[0mGET /api/monthly-taxes/customer/1?year=2026&month=08 [32m200[0m 6.980 ms - 1360[0m
[0mOPTIONS /api/monthly-taxes?year=2026&month=08 [32m204[0m 0.051 ms - 0[0m
[0mGET /api/monthly-taxes?year=2026&month=08 [36m304[0m 27.942 ms - -[0m
[0mOPTIONS /api/monthly-taxes?year=2026&month=08 [32m204[0m 0.546 ms - 0[0m
[0mGET /api/monthly-taxes?year=2026&month=08 [36m304[0m 55.161 ms - -[0m
Terminate batch job (Y/N)? 